2026-03-04 09:52:59,711 INFO [paris_sender] 🚀 PARIS SENDER - AGILE MARKETING SUITE v9.0.0 (ENHANCED PROXY VPS MAILER WITH ADVANCED ANTI-DETECTION & VPS OPTIMIZATION)
2026-03-04 09:52:59,711 INFO [paris_sender] ℹ️ Outlook COM integration unavailable (Platform limit or missing lib).
2026-03-04 09:52:59,711 INFO [paris_sender] ✅ pyngrok available for automatic public tracking
2026-03-04 09:52:59,711 INFO [paris_sender] ✅ keyring available for secure password storage
2026-03-04 09:52:59,711 INFO [paris_sender] ✅ Flask tracking server available
2026-03-04 09:52:59,711 INFO [paris_sender] 🚀 Tracking server started with Waitress for better performance.
2026-03-04 09:52:59,727 INFO [paris_sender] 🔌 Establishing ngrok tunnel...
2026-03-04 09:53:00,640 INFO [paris_sender] ✅ ngrok tunnel established. Public URL: https://ida-savoriest-drolly.ngrok-free.dev
2026-03-04 09:53:00,640 INFO [paris_sender] ✅ Scheduling UI available (tkcalendar)
2026-03-04 09:53:00,640 INFO [paris_sender] ✅ webdriver-manager available for automatic ChromeDriver
2026-03-04 09:53:00,640 INFO [paris_sender] ✅ dnspython found. Deliverability checks enabled.
2026-03-04 09:53:00,640 INFO [paris_sender] ✅ PyPDF2 found. PDF embedding for secure links enabled.
2026-03-04 09:53:00,649 INFO [paris_sender] ✅ Universal SMTP (smtplib) enabled. Supports SSL, STARTTLS, and plain SMTP.
2026-03-04 09:53:00,649 INFO [paris_sender] ✅ Jinja2 found. Advanced templating enabled.
2026-03-04 09:53:00,649 INFO [paris_sender] ✅ dkimpy found. DKIM signing enabled for Direct MX.
2026-03-04 09:53:03,303 INFO [paris_sender] 🔍 Proactively checking Chrome/ChromeDriver version compatibility...
2026-03-04 09:53:03,308 INFO [paris_sender] 🚫 Suppression list loaded with 0 entries.
2026-03-04 09:53:03,315 INFO [paris_sender] 🎯 READY: Configure, Load Recipients, and Start Sending!
2026-03-04 09:53:05,818 WARNING [paris_sender] ⚠️ Could not verify versions automatically.
2026-03-04 09:55:53,594 INFO [paris_sender] 🔑 Securely stored password for admin@hcgate.com in OS keyring.
2026-03-04 09:55:53,620 INFO [paris_sender] ✅ SMTP configured: 104.207.67.127:587
2026-03-04 09:56:02,100 INFO [paris_sender] Testing SMTP: 104.207.67.127:587 TLS=True
2026-03-04 09:56:03,348 INFO [paris_sender] 🛡️ Running daily domain health check for: hcgate.com
2026-03-04 09:56:04,036 WARNING [paris_sender] ⚠️ Domain Health Alert: Issues found with DMARC
2026-03-04 09:57:15,703 INFO [paris_sender] 📋 Processing pasted emails in background...
2026-03-04 09:57:15,735 INFO [paris_sender] ✅ Pasted 1 new, non-suppressed emails.
2026-03-04 09:58:01,645 INFO [paris_sender] 🔄 Live preview updated.
2026-03-04 09:58:04,428 INFO [paris_sender] 🔄 Live preview updated.
2026-03-04 09:58:06,977 INFO [paris_sender] 🔄 Live preview updated.
2026-03-04 09:59:56,484 INFO [paris_sender] 🚀 Starting campaign via SMTP...
2026-03-04 09:59:56,933 INFO [paris_sender] (1/1) Default -> curtispearl127948@aol.com | From: admin@hcgate.com | Subject: RE: Transaction Notification - Payment Details Enclosed | Attachment: None
2026-03-04 09:59:56,943 INFO [paris_sender] 📊 Threaded SMTP session completed.
2026-03-04 09:59:56,985 ERROR [paris_sender] 🏁 COMPLETED: 1 sent, 0 failed
2026-03-04 09:59:57,259 INFO [paris_sender] 📊 Visual analytics refreshed.
2026-03-04 10:01:43,967 INFO [paris_sender] 🗑️ Recipient list has been cleared.
2026-03-04 10:01:46,872 INFO [paris_sender] 📋 Processing pasted emails in background...
2026-03-04 10:01:47,162 INFO [paris_sender] ✅ Pasted 1511 new, non-suppressed emails.
2026-03-04 10:02:19,258 INFO [paris_sender] 📋 Extracted 13 unique domains from email list (1511 emails)
2026-03-04 10:03:28,455 INFO [paris_sender] 📂 Loaded 13 unique domains from just today.txt
2026-03-04 10:03:32,608 INFO [paris_sender] 🔍 Starting DNS validation for 13 domains (threads: 5)...
2026-03-04 10:03:59,067 INFO [paris_sender] 📋 Extracted 13 unique domains from email list (1511 emails)
2026-03-04 10:04:16,825 INFO [paris_sender] 📂 Loaded 13 unique domains from just today.txt
2026-03-04 10:04:44,430 INFO [paris_sender] 🔍 Starting DNS validation for 13 domains (threads: 5)...
2026-03-04 10:05:07,796 INFO [paris_sender] 🚀 Starting campaign via SMTP...
2026-03-04 10:05:22,009 INFO [paris_sender] (1/1511) Default -> joanheb@cs.com | From: admin@hcgate.com | Subject: RE: Transaction Notification - Payment Details Enclosed | Attachment: None
2026-03-04 10:05:22,018 INFO [paris_sender] (2/1511) Default -> joanaruiz@cs.com | From: admin@hcgate.com | Subject: RE: Transaction Notification - Payment Details Enclosed | Attachment: None
2026-03-04 10:05:22,027 INFO [paris_sender] (3/1511) Default -> joann.richards@netscape.com | From: admin@hcgate.com | Subject: RE: Transaction Notification - Payment Details Enclosed | Attachment: None
2026-03-04 10:05:22,027 INFO [paris_sender] (4/1511) Default -> joangreenwood@netscape.net | From: admin@hcgate.com | Subject: RE: Transaction Notification - Payment Details Enclosed | Attachment: None
2026-03-04 10:05:22,027 INFO [paris_sender] (5/1511) Default -> joaner@cs.com | From: admin@hcgate.com | Subject: RE: Transaction Notification - Payment Details Enclosed | Attachment: None
2026-03-04 10:05:22,047 INFO [paris_sender] (6/1511) Default -> joangosling@netscape.net | From: admin@hcgate.com | Subject: RE: Transaction Notification - Payment Details Enclosed | Attachment: None
2026-03-04 10:05:22,055 INFO [paris_sender] (7/1511) Default -> joanna71181@aim.com | From: admin@hcgate.com | Subject: RE: Transaction Notification - Payment Details Enclosed | Attachment: None
2026-03-04 10:05:22,078 INFO [paris_sender] (8/1511) Default -> joann.giese@netscape.net | From: admin@hcgate.com | Subject: RE: Transaction Notification - Payment Details Enclosed | Attachment: None
2026-03-04 10:05:22,083 INFO [paris_sender] (9/1511) Default -> joanndelapp@netscape.net | From: admin@hcgate.com | Subject: RE: Transaction Notification - Payment Details Enclosed | Attachment: None
2026-03-04 10:05:22,083 INFO [paris_sender] (10/1511) Default -> joanncandys7@cs.com | From: admin@hcgate.com | Subject: RE: Transaction Notification - Payment Details Enclosed | Attachment: None
2026-03-04 10:05:22,408 INFO [paris_sender] (11/1511) Default -> joanie.carr@gte.net | From: admin@hcgate.com | Subject: RE: Transaction Notification - Payment Details Enclosed | Attachment: None
2026-03-04 10:05:23,129 INFO [paris_sender] (12/1511) Default -> joanbryant@gte.net | From: admin@hcgate.com | Subject: RE: Transaction Notification - Payment Details Enclosed | Attachment: None
2026-03-04 10:05:23,144 INFO [paris_sender] (13/1511) Default -> joanne.gabriel@gte.net | From: admin@hcgate.com | Subject: RE: Transaction Notification - Payment Details Enclosed | Attachment: None
2026-03-04 10:05:23,144 INFO [paris_sender] (14/1511) Default -> joann.huff@netscape.net | From: admin@hcgate.com | Subject: RE: Transaction Notification - Payment Details Enclosed | Attachment: None
2026-03-04 10:05:23,144 INFO [paris_sender] (15/1511) Default -> joan_az_1980@gte.net | From: admin@hcgate.com | Subject: RE: Transaction Notification - Payment Details Enclosed | Attachment: None
2026-03-04 10:05:23,144 INFO [paris_sender] (16/1511) Default -> joanbumbury@gte.net | From: admin@hcgate.com | Subject: RE: Transaction Notification - Payment Details Enclosed | Attachment: None
2026-03-04 10:05:23,224 INFO [paris_sender] (19/1511) Default -> joannakleniewski@gte.net | From: admin@hcgate.com | Subject: RE: Transaction Notification - Payment Details Enclosed | Attachment: None
2026-03-04 10:05:23,236 INFO [paris_sender] (20/1511) Default -> joankentner@netscape.net | From: admin@hcgate.com | Subject: RE: Transaction Notification - Payment Details Enclosed | Attachment: None
2026-03-04 10:05:23,236 INFO [paris_sender] (18/1511) Default -> joanjajf@gte.net | From: admin@hcgate.com | Subject: RE: Transaction Notification - Payment Details Enclosed | Attachment: None
2026-03-04 10:05:23,236 INFO [paris_sender] (17/1511) Default -> joanna.walker@gte.net | From: admin@hcgate.com | Subject: RE: Transaction Notification - Payment Details Enclosed | Attachment: None
2026-03-04 10:05:23,236 INFO [paris_sender] (21/1511) Default -> joanmiron@cs.com | From: admin@hcgate.com | Subject: RE: Transaction Notification - Payment Details Enclosed | Attachment: None
2026-03-04 10:05:23,515 INFO [paris_sender] (22/1511) Default -> joann.bastian@netscape.net | From: admin@hcgate.com | Subject: RE: Transaction Notification - Payment Details Enclosed | Attachment: None
2026-03-04 10:05:24,181 INFO [paris_sender] (23/1511) Default -> joanne.buchanan@netscape.net | From: admin@hcgate.com | Subject: RE: Transaction Notification - Payment Details Enclosed | Attachment: None
2026-03-04 10:05:24,213 INFO [paris_sender] (25/1511) Default -> joanbeat@netscape.com | From: admin@hcgate.com | Subject: RE: Transaction Notification - Payment Details Enclosed | Attachment: None
2026-03-04 10:05:24,237 INFO [paris_sender] (27/1511) Default -> joangarroquillin@bellatlantic.net | From: admin@hcgate.com | Subject: RE: Transaction Notification - Payment Details Enclosed | Attachment: None
2026-03-04 10:05:24,252 INFO [paris_sender] (26/1511) Default -> joannarottke@netscape.net | From: admin@hcgate.com | Subject: RE: Transaction Notification - Payment Details Enclosed | Attachment: None
2026-03-04 10:05:24,279 INFO [paris_sender] (32/1511) Default -> joandriscoll@gte.net | From: admin@hcgate.com | Subject: RE: Transaction Notification - Payment Details Enclosed | Attachment: None
2026-03-04 10:05:24,279 INFO [paris_sender] (24/1511) Default -> joann.albright@wmconnect.com | From: admin@hcgate.com | Subject: RE: Transaction Notification - Payment Details Enclosed | Attachment: None
2026-03-04 10:05:24,279 INFO [paris_sender] (30/1511) Default -> joann.ball@netscape.net | From: admin@hcgate.com | Subject: RE: Transaction Notification - Payment Details Enclosed | Attachment: None
2026-03-04 10:05:24,279 INFO [paris_sender] (28/1511) Default -> joannatim@netscape.com | From: admin@hcgate.com | Subject: RE: Transaction Notification - Payment Details Enclosed | Attachment: None
2026-03-04 10:05:24,279 INFO [paris_sender] (29/1511) Default -> joann.jones@aim.com | From: admin@hcgate.com | Subject: RE: Transaction Notification - Payment Details Enclosed | Attachment: None
2026-03-04 10:05:24,279 INFO [paris_sender] (31/1511) Default -> joandraddy@gte.net | From: admin@hcgate.com | Subject: RE: Transaction Notification - Payment Details Enclosed | Attachment: None
2026-03-04 10:05:25,428 INFO [paris_sender] (33/1511) Default -> joanmowery@cs.com | From: admin@hcgate.com | Subject: RE: Transaction Notification - Payment Details Enclosed | Attachment: None
2026-03-04 10:05:25,442 INFO [paris_sender] (34/1511) Default -> joann.pearson@cs.com | From: admin@hcgate.com | Subject: RE: Transaction Notification - Payment Details Enclosed | Attachment: None
2026-03-04 10:05:25,442 INFO [paris_sender] (35/1511) Default -> joannalking@wmconnect.com | From: admin@hcgate.com | Subject: RE: Transaction Notification - Payment Details Enclosed | Attachment: None
2026-03-04 10:05:25,459 INFO [paris_sender] (36/1511) Default -> joannb1521@netscape.net | From: admin@hcgate.com | Subject: RE: Transaction Notification - Payment Details Enclosed | Attachment: None
2026-03-04 10:05:25,475 INFO [paris_sender] (37/1511) Default -> joane@netscape.net | From: admin@hcgate.com | Subject: RE: Transaction Notification - Payment Details Enclosed | Attachment: None
2026-03-04 10:05:25,496 INFO [paris_sender] (38/1511) Default -> joanedunne@compuserve.com | From: admin@hcgate.com | Subject: RE: Transaction Notification - Payment Details Enclosed | Attachment: None
2026-03-04 10:05:25,533 INFO [paris_sender] (39/1511) Default -> joanne.beatty@netscape.net | From: admin@hcgate.com | Subject: RE: Transaction Notification - Payment Details Enclosed | Attachment: None
2026-03-04 10:05:25,540 INFO [paris_sender] (40/1511) Default -> joann.orosco@netscape.net | From: admin@hcgate.com | Subject: RE: Transaction Notification - Payment Details Enclosed | Attachment: None
2026-03-04 10:05:25,549 INFO [paris_sender] (41/1511) Default -> joanne.mckinney@netscape.net | From: admin@hcgate.com | Subject: RE: Transaction Notification - Payment Details Enclosed | Attachment: None
2026-03-04 10:05:25,565 INFO [paris_sender] (42/1511) Default -> joann_pierce@cs.com | From: admin@hcgate.com | Subject: RE: Transaction Notification - Payment Details Enclosed | Attachment: None
2026-03-04 10:05:25,839 INFO [paris_sender] (43/1511) Default -> joann.manning@netscape.net | From: admin@hcgate.com | Subject: RE: Transaction Notification - Payment Details Enclosed | Attachment: None
2026-03-04 10:05:26,539 INFO [paris_sender] (44/1511) Default -> joann660@cs.com | From: admin@hcgate.com | Subject: RE: Transaction Notification - Payment Details Enclosed | Attachment: None
2026-03-04 10:05:26,561 INFO [paris_sender] (48/1511) Default -> joangracis@gte.net | From: admin@hcgate.com | Subject: RE: Transaction Notification - Payment Details Enclosed | Attachment: None
2026-03-04 10:05:26,561 INFO [paris_sender] (46/1511) Default -> joannaoostwouder@cs.com | From: admin@hcgate.com | Subject: RE: Transaction Notification - Payment Details Enclosed | Attachment: None
2026-03-04 10:05:26,578 INFO [paris_sender] (45/1511) Default -> joancolavolpe@cs.com | From: admin@hcgate.com | Subject: RE: Transaction Notification - Payment Details Enclosed | Attachment: None
2026-03-04 10:05:26,578 INFO [paris_sender] (47/1511) Default -> joannaleep1@netscape.net | From: admin@hcgate.com | Subject: RE: Transaction Notification - Payment Details Enclosed | Attachment: None
2026-03-04 10:05:26,593 INFO [paris_sender] (49/1511) Default -> joanbjmurphy@cs.com | From: admin@hcgate.com | Subject: RE: Transaction Notification - Payment Details Enclosed | Attachment: None
2026-03-04 10:05:26,593 INFO [paris_sender] (50/1511) Default -> joanne.kirby@gte.net | From: admin@hcgate.com | Subject: RE: Transaction Notification - Payment Details Enclosed | Attachment: None
2026-03-04 10:05:26,609 INFO [paris_sender] (51/1511) Default -> joann.bell@netscape.net | From: admin@hcgate.com | Subject: RE: Transaction Notification - Payment Details Enclosed | Attachment: None
2026-03-04 10:05:26,609 INFO [paris_sender] (53/1511) Default -> joanearhart@netscape.net | From: admin@hcgate.com | Subject: RE: Transaction Notification - Payment Details Enclosed | Attachment: None
2026-03-04 10:05:26,609 INFO [paris_sender] (52/1511) Default -> joanie.brown@netscape.net | From: admin@hcgate.com | Subject: RE: Transaction Notification - Payment Details Enclosed | Attachment: None
2026-03-04 10:05:27,312 INFO [paris_sender] (54/1511) Default -> joangaspard@bellatlantic.net | From: admin@hcgate.com | Subject: RE: Transaction Notification - Payment Details Enclosed | Attachment: None
2026-03-04 10:05:27,312 INFO [paris_sender] (55/1511) Default -> joanndaily@cs.com | From: admin@hcgate.com | Subject: RE: Transaction Notification - Payment Details Enclosed | Attachment: None
2026-03-04 10:05:27,328 INFO [paris_sender] (56/1511) Default -> joannaj@bellatlantic.net | From: admin@hcgate.com | Subject: RE: Transaction Notification - Payment Details Enclosed | Attachment: None
2026-03-04 10:05:27,328 INFO [paris_sender] (57/1511) Default -> joann1211@cs.com | From: admin@hcgate.com | Subject: RE: Transaction Notification - Payment Details Enclosed | Attachment: None
2026-03-04 10:05:27,344 INFO [paris_sender] (58/1511) Default -> joanmarie863@compuserve.com | From: admin@hcgate.com | Subject: RE: Transaction Notification - Payment Details Enclosed | Attachment: None
2026-03-04 10:05:27,361 INFO [paris_sender] (59/1511) Default -> joanna.greenwell@cs.com | From: admin@hcgate.com | Subject: RE: Transaction Notification - Payment Details Enclosed | Attachment: None
2026-03-04 10:05:27,361 INFO [paris_sender] (60/1511) Default -> joanne.turner@cs.com | From: admin@hcgate.com | Subject: RE: Transaction Notification - Payment Details Enclosed | Attachment: None
2026-03-04 10:05:27,386 INFO [paris_sender] (61/1511) Default -> joann98498@cs.com | From: admin@hcgate.com | Subject: RE: Transaction Notification - Payment Details Enclosed | Attachment: None
2026-03-04 10:05:27,423 INFO [paris_sender] (62/1511) Default -> joanne.hooper@netscape.net | From: admin@hcgate.com | Subject: RE: Transaction Notification - Payment Details Enclosed | Attachment: None
2026-03-04 10:05:27,547 INFO [paris_sender] (63/1511) Default -> joann.thomas@wmconnect.com | From: admin@hcgate.com | Subject: RE: Transaction Notification - Payment Details Enclosed | Attachment: None
2026-03-04 10:05:27,826 INFO [paris_sender] (64/1511) Default -> joanna.garrett@bellatlantic.net | From: admin@hcgate.com | Subject: RE: Transaction Notification - Payment Details Enclosed | Attachment: None
2026-03-04 10:05:27,826 INFO [paris_sender] (65/1511) Default -> joanandjimwilson@wmconnect.com | From: admin@hcgate.com | Subject: RE: Transaction Notification - Payment Details Enclosed | Attachment: None
2026-03-04 10:05:27,840 INFO [paris_sender] (66/1511) Default -> joanna.deguzman@gte.net | From: admin@hcgate.com | Subject: RE: Transaction Notification - Payment Details Enclosed | Attachment: None
2026-03-04 10:05:27,859 INFO [paris_sender] (67/1511) Default -> joanmcphillips@cs.com | From: admin@hcgate.com | Subject: RE: Transaction Notification - Payment Details Enclosed | Attachment: None
2026-03-04 10:05:27,859 INFO [paris_sender] (68/1511) Default -> joanie.dunn@bellatlantic.net | From: admin@hcgate.com | Subject: RE: Transaction Notification - Payment Details Enclosed | Attachment: None
2026-03-04 10:05:27,873 INFO [paris_sender] (69/1511) Default -> joanne.gunn@cs.com | From: admin@hcgate.com | Subject: RE: Transaction Notification - Payment Details Enclosed | Attachment: None
2026-03-04 10:05:27,878 INFO [paris_sender] (70/1511) Default -> joanna.wilson@wmconnect.com | From: admin@hcgate.com | Subject: RE: Transaction Notification - Payment Details Enclosed | Attachment: None
2026-03-04 10:05:27,927 INFO [paris_sender] (71/1511) Default -> joanna_n81_m@netscape.net | From: admin@hcgate.com | Subject: RE: Transaction Notification - Payment Details Enclosed | Attachment: None
2026-03-04 10:05:27,943 INFO [paris_sender] (72/1511) Default -> joanna_volpicelli@bellatlantic.net | From: admin@hcgate.com | Subject: RE: Transaction Notification - Payment Details Enclosed | Attachment: None
2026-03-04 10:05:28,677 INFO [paris_sender] (74/1511) Default -> joannazinheira@netscape.net | From: admin@hcgate.com | Subject: RE: Transaction Notification - Payment Details Enclosed | Attachment: None
2026-03-04 10:05:28,677 INFO [paris_sender] (73/1511) Default -> joanharker@netscape.net | From: admin@hcgate.com | Subject: RE: Transaction Notification - Payment Details Enclosed | Attachment: None
2026-03-04 10:05:28,692 INFO [paris_sender] (77/1511) Default -> joancorbitt@cs.com | From: admin@hcgate.com | Subject: RE: Transaction Notification - Payment Details Enclosed | Attachment: None
2026-03-04 10:05:28,692 INFO [paris_sender] (75/1511) Default -> joanfitzgerald@netscape.net | From: admin@hcgate.com | Subject: RE: Transaction Notification - Payment Details Enclosed | Attachment: None
2026-03-04 10:05:28,692 INFO [paris_sender] (76/1511) Default -> joandunigan@netscape.net | From: admin@hcgate.com | Subject: RE: Transaction Notification - Payment Details Enclosed | Attachment: None
2026-03-04 10:05:28,692 INFO [paris_sender] (78/1511) Default -> joann.porterfield@netscape.com | From: admin@hcgate.com | Subject: RE: Transaction Notification - Payment Details Enclosed | Attachment: None
2026-03-04 10:05:28,709 INFO [paris_sender] (79/1511) Default -> joanlinnell@cs.com | From: admin@hcgate.com | Subject: RE: Transaction Notification - Payment Details Enclosed | Attachment: None
2026-03-04 10:05:28,709 INFO [paris_sender] (80/1511) Default -> joanlmyers@cs.com | From: admin@hcgate.com | Subject: RE: Transaction Notification - Payment Details Enclosed | Attachment: None
2026-03-04 10:05:28,709 INFO [paris_sender] (81/1511) Default -> joannameyer@cs.com | From: admin@hcgate.com | Subject: RE: Transaction Notification - Payment Details Enclosed | Attachment: None
2026-03-04 10:05:28,727 INFO [paris_sender] (82/1511) Default -> joanna151295@aim.com | From: admin@hcgate.com | Subject: RE: Transaction Notification - Payment Details Enclosed | Attachment: None
2026-03-04 10:05:29,455 INFO [paris_sender] (83/1511) Default -> joancar@netscape.net | From: admin@hcgate.com | Subject: RE: Transaction Notification - Payment Details Enclosed | Attachment: None
2026-03-04 10:05:29,455 INFO [paris_sender] (84/1511) Default -> joannb@gte.net | From: admin@hcgate.com | Subject: RE: Transaction Notification - Payment Details Enclosed | Attachment: None
2026-03-04 10:05:29,455 INFO [paris_sender] (85/1511) Default -> joanhuang@gte.net | From: admin@hcgate.com | Subject: RE: Transaction Notification - Payment Details Enclosed | Attachment: None
2026-03-04 10:05:29,455 INFO [paris_sender] (86/1511) Default -> joandhoward@wmconnect.com | From: admin@hcgate.com | Subject: RE: Transaction Notification - Payment Details Enclosed | Attachment: None
2026-03-04 10:05:29,478 INFO [paris_sender] (87/1511) Default -> joanh2o@gte.net | From: admin@hcgate.com | Subject: RE: Transaction Notification - Payment Details Enclosed | Attachment: None
2026-03-04 10:05:29,488 INFO [paris_sender] (88/1511) Default -> joanmills@netscape.net | From: admin@hcgate.com | Subject: RE: Transaction Notification - Payment Details Enclosed | Attachment: None
2026-03-04 10:05:29,498 INFO [paris_sender] (89/1511) Default -> joanna8261@netscape.net | From: admin@hcgate.com | Subject: RE: Transaction Notification - Payment Details Enclosed | Attachment: None
2026-03-04 10:05:29,521 INFO [paris_sender] (90/1511) Default -> joanne.johnson@wmconnect.com | From: admin@hcgate.com | Subject: RE: Transaction Notification - Payment Details Enclosed | Attachment: None
2026-03-04 10:05:29,521 INFO [paris_sender] (92/1511) Default -> joanne.turing@cs.com | From: admin@hcgate.com | Subject: RE: Transaction Notification - Payment Details Enclosed | Attachment: None
2026-03-04 10:05:29,521 INFO [paris_sender] (91/1511) Default -> joannadurette@wmconnect.com | From: admin@hcgate.com | Subject: RE: Transaction Notification - Payment Details Enclosed | Attachment: None
2026-03-04 10:05:30,334 INFO [paris_sender] (93/1511) Default -> joanna.aasen@cs.com | From: admin@hcgate.com | Subject: RE: Transaction Notification - Payment Details Enclosed | Attachment: None
2026-03-04 10:05:30,348 INFO [paris_sender] (94/1511) Default -> joanmatt23@bellatlantic.net | From: admin@hcgate.com | Subject: RE: Transaction Notification - Payment Details Enclosed | Attachment: None
2026-03-04 10:05:30,359 INFO [paris_sender] (95/1511) Default -> joanmcclure@netscape.net | From: admin@hcgate.com | Subject: RE: Transaction Notification - Payment Details Enclosed | Attachment: None
2026-03-04 10:05:30,365 INFO [paris_sender] (96/1511) Default -> joannab1@gte.net | From: admin@hcgate.com | Subject: RE: Transaction Notification - Payment Details Enclosed | Attachment: None
2026-03-04 10:05:30,384 INFO [paris_sender] (98/1511) Default -> joann7us@gte.net | From: admin@hcgate.com | Subject: RE: Transaction Notification - Payment Details Enclosed | Attachment: None
2026-03-04 10:05:30,384 INFO [paris_sender] (97/1511) Default -> joannabarb@netscape.net | From: admin@hcgate.com | Subject: RE: Transaction Notification - Payment Details Enclosed | Attachment: None
2026-03-04 10:05:30,398 INFO [paris_sender] (99/1511) Default -> joanne.dibenedetto@cs.com | From: admin@hcgate.com | Subject: RE: Transaction Notification - Payment Details Enclosed | Attachment: None
2026-03-04 10:05:30,398 INFO [paris_sender] (100/1511) Default -> joannaneal@cs.com | From: admin@hcgate.com | Subject: RE: Transaction Notification - Payment Details Enclosed | Attachment: None
2026-03-04 10:05:30,398 INFO [paris_sender] (102/1511) Default -> joannaorvl.wade@netscape.net | From: admin@hcgate.com | Subject: RE: Transaction Notification - Payment Details Enclosed | Attachment: None
2026-03-04 10:05:30,398 INFO [paris_sender] (101/1511) Default -> joand@wmconnect.com | From: admin@hcgate.com | Subject: RE: Transaction Notification - Payment Details Enclosed | Attachment: None
2026-03-04 10:05:31,255 INFO [paris_sender] (103/1511) Default -> joandorland@wmconnect.com | From: admin@hcgate.com | Subject: RE: Transaction Notification - Payment Details Enclosed | Attachment: None
2026-03-04 10:05:31,255 INFO [paris_sender] (104/1511) Default -> joanbertuletti@wmconnect.com | From: admin@hcgate.com | Subject: RE: Transaction Notification - Payment Details Enclosed | Attachment: None
2026-03-04 10:05:31,265 INFO [paris_sender] (105/1511) Default -> joanna.mabee@netscape.net | From: admin@hcgate.com | Subject: RE: Transaction Notification - Payment Details Enclosed | Attachment: None
2026-03-04 10:05:31,280 INFO [paris_sender] (106/1511) Default -> joanna_pizzo@cs.com | From: admin@hcgate.com | Subject: RE: Transaction Notification - Payment Details Enclosed | Attachment: None
2026-03-04 10:05:31,281 INFO [paris_sender] (107/1511) Default -> joanm@aim.com | From: admin@hcgate.com | Subject: RE: Transaction Notification - Payment Details Enclosed | Attachment: None
2026-03-04 10:05:31,281 INFO [paris_sender] (108/1511) Default -> joannbaugher@netscape.net | From: admin@hcgate.com | Subject: RE: Transaction Notification - Payment Details Enclosed | Attachment: None
2026-03-04 10:05:31,296 INFO [paris_sender] (109/1511) Default -> joan_eng@compuserve.com | From: admin@hcgate.com | Subject: RE: Transaction Notification - Payment Details Enclosed | Attachment: None
2026-03-04 10:05:31,296 INFO [paris_sender] (110/1511) Default -> joanne.sturges@netscape.net | From: admin@hcgate.com | Subject: RE: Transaction Notification - Payment Details Enclosed | Attachment: None
2026-03-04 10:05:31,296 INFO [paris_sender] (111/1511) Default -> joanchris2000@cs.com | From: admin@hcgate.com | Subject: RE: Transaction Notification - Payment Details Enclosed | Attachment: None
2026-03-04 10:05:31,326 INFO [paris_sender] (112/1511) Default -> joanhaws@bellatlantic.net | From: admin@hcgate.com | Subject: RE: Transaction Notification - Payment Details Enclosed | Attachment: None
2026-03-04 10:05:32,034 INFO [paris_sender] (113/1511) Default -> joandmike@cs.com | From: admin@hcgate.com | Subject: RE: Transaction Notification - Payment Details Enclosed | Attachment: None
2026-03-04 10:05:32,034 INFO [paris_sender] (114/1511) Default -> joanna.shivers@cs.com | From: admin@hcgate.com | Subject: RE: Transaction Notification - Payment Details Enclosed | Attachment: None
2026-03-04 10:05:32,078 INFO [paris_sender] (115/1511) Default -> joangelajag@compuserve.com | From: admin@hcgate.com | Subject: RE: Transaction Notification - Payment Details Enclosed | Attachment: None
2026-03-04 10:05:32,093 INFO [paris_sender] (116/1511) Default -> joannc@netscape.net | From: admin@hcgate.com | Subject: RE: Transaction Notification - Payment Details Enclosed | Attachment: None
2026-03-04 10:05:32,146 INFO [paris_sender] (117/1511) Default -> joanncron@cs.com | From: admin@hcgate.com | Subject: RE: Transaction Notification - Payment Details Enclosed | Attachment: None
2026-03-04 10:05:32,146 INFO [paris_sender] (118/1511) Default -> joankirkgraham@cs.com | From: admin@hcgate.com | Subject: RE: Transaction Notification - Payment Details Enclosed | Attachment: None
2026-03-04 10:05:32,146 INFO [paris_sender] (119/1511) Default -> joanna.chevez@netscape.net | From: admin@hcgate.com | Subject: RE: Transaction Notification - Payment Details Enclosed | Attachment: None
2026-03-04 10:05:32,171 INFO [paris_sender] (120/1511) Default -> joanmastrogiacomo@netscape.net | From: admin@hcgate.com | Subject: RE: Transaction Notification - Payment Details Enclosed | Attachment: None
2026-03-04 10:05:32,179 INFO [paris_sender] (122/1511) Default -> joannag16@wmconnect.com | From: admin@hcgate.com | Subject: RE: Transaction Notification - Payment Details Enclosed | Attachment: None
2026-03-04 10:05:32,179 INFO [paris_sender] (121/1511) Default -> joann984@cs.com | From: admin@hcgate.com | Subject: RE: Transaction Notification - Payment Details Enclosed | Attachment: None
2026-03-04 10:05:32,922 INFO [paris_sender] (123/1511) Default -> joanne.adams@wmconnect.com | From: admin@hcgate.com | Subject: RE: Transaction Notification - Payment Details Enclosed | Attachment: None
2026-03-04 10:05:32,943 INFO [paris_sender] (124/1511) Default -> joanne.wood@cs.com | From: admin@hcgate.com | Subject: RE: Transaction Notification - Payment Details Enclosed | Attachment: None
2026-03-04 10:05:32,943 INFO [paris_sender] (125/1511) Default -> joanna4will@netscape.net | From: admin@hcgate.com | Subject: RE: Transaction Notification - Payment Details Enclosed | Attachment: None
2026-03-04 10:05:32,943 INFO [paris_sender] (126/1511) Default -> joann.poyner@bellatlantic.net | From: admin@hcgate.com | Subject: RE: Transaction Notification - Payment Details Enclosed | Attachment: None
2026-03-04 10:05:32,960 INFO [paris_sender] (127/1511) Default -> joanna.bettencourt@netscape.net | From: admin@hcgate.com | Subject: RE: Transaction Notification - Payment Details Enclosed | Attachment: None
2026-03-04 10:05:32,975 INFO [paris_sender] (128/1511) Default -> joann.rose@netscape.net | From: admin@hcgate.com | Subject: RE: Transaction Notification - Payment Details Enclosed | Attachment: None
2026-03-04 10:05:32,979 INFO [paris_sender] (130/1511) Default -> joancatahan@cs.com | From: admin@hcgate.com | Subject: RE: Transaction Notification - Payment Details Enclosed | Attachment: None
2026-03-04 10:05:32,979 INFO [paris_sender] (129/1511) Default -> joanketton@wmconnect.com | From: admin@hcgate.com | Subject: RE: Transaction Notification - Payment Details Enclosed | Attachment: None
2026-03-04 10:05:32,979 INFO [paris_sender] (131/1511) Default -> joanne.graham@bellatlantic.net | From: admin@hcgate.com | Subject: RE: Transaction Notification - Payment Details Enclosed | Attachment: None
2026-03-04 10:05:33,029 INFO [paris_sender] (132/1511) Default -> joanmick@netscape.net | From: admin@hcgate.com | Subject: RE: Transaction Notification - Payment Details Enclosed | Attachment: None
2026-03-04 10:05:33,746 INFO [paris_sender] (133/1511) Default -> joangargano@netscape.net | From: admin@hcgate.com | Subject: RE: Transaction Notification - Payment Details Enclosed | Attachment: None
2026-03-04 10:05:33,766 INFO [paris_sender] (134/1511) Default -> joanne.gauthier@netscape.net | From: admin@hcgate.com | Subject: RE: Transaction Notification - Payment Details Enclosed | Attachment: None
2026-03-04 10:05:33,786 INFO [paris_sender] (135/1511) Default -> joangreen@gte.net | From: admin@hcgate.com | Subject: RE: Transaction Notification - Payment Details Enclosed | Attachment: None
2026-03-04 10:05:33,786 INFO [paris_sender] (136/1511) Default -> joanjoan0467@netscape.net | From: admin@hcgate.com | Subject: RE: Transaction Notification - Payment Details Enclosed | Attachment: None
2026-03-04 10:05:33,786 INFO [paris_sender] (137/1511) Default -> joanhood@netscape.net | From: admin@hcgate.com | Subject: RE: Transaction Notification - Payment Details Enclosed | Attachment: None
2026-03-04 10:05:33,786 INFO [paris_sender] (138/1511) Default -> joanaxtelll@cs.com | From: admin@hcgate.com | Subject: RE: Transaction Notification - Payment Details Enclosed | Attachment: None
2026-03-04 10:05:33,801 INFO [paris_sender] (139/1511) Default -> joanne.leon@cs.com | From: admin@hcgate.com | Subject: RE: Transaction Notification - Payment Details Enclosed | Attachment: None
2026-03-04 10:05:33,801 INFO [paris_sender] (140/1511) Default -> joanne.thayer@cs.com | From: admin@hcgate.com | Subject: RE: Transaction Notification - Payment Details Enclosed | Attachment: None
2026-03-04 10:05:33,828 INFO [paris_sender] (142/1511) Default -> joannaruseski@gte.net | From: admin@hcgate.com | Subject: RE: Transaction Notification - Payment Details Enclosed | Attachment: None
2026-03-04 10:05:33,828 INFO [paris_sender] (141/1511) Default -> joann.miller@bellatlantic.net | From: admin@hcgate.com | Subject: RE: Transaction Notification - Payment Details Enclosed | Attachment: None
2026-03-04 10:05:34,676 INFO [paris_sender] (143/1511) Default -> joanna529@wmconnect.com | From: admin@hcgate.com | Subject: RE: Transaction Notification - Payment Details Enclosed | Attachment: None
2026-03-04 10:05:34,688 INFO [paris_sender] (144/1511) Default -> joanne.kreuser@gte.net | From: admin@hcgate.com | Subject: RE: Transaction Notification - Payment Details Enclosed | Attachment: None
2026-03-04 10:05:34,704 INFO [paris_sender] (145/1511) Default -> joanharn@gte.net | From: admin@hcgate.com | Subject: RE: Transaction Notification - Payment Details Enclosed | Attachment: None
2026-03-04 10:05:34,704 INFO [paris_sender] (146/1511) Default -> joannaguzman@netscape.net | From: admin@hcgate.com | Subject: RE: Transaction Notification - Payment Details Enclosed | Attachment: None
2026-03-04 10:05:34,704 INFO [paris_sender] (147/1511) Default -> joann.stephenson@netscape.net | From: admin@hcgate.com | Subject: RE: Transaction Notification - Payment Details Enclosed | Attachment: None
2026-03-04 10:05:34,726 INFO [paris_sender] (149/1511) Default -> joanne.lucien@netscape.net | From: admin@hcgate.com | Subject: RE: Transaction Notification - Payment Details Enclosed | Attachment: None
2026-03-04 10:05:34,726 INFO [paris_sender] (148/1511) Default -> joankaczmarczyk@cs.com | From: admin@hcgate.com | Subject: RE: Transaction Notification - Payment Details Enclosed | Attachment: None
2026-03-04 10:05:34,737 INFO [paris_sender] (150/1511) Default -> joanna.white@netscape.net | From: admin@hcgate.com | Subject: RE: Transaction Notification - Payment Details Enclosed | Attachment: None
2026-03-04 10:05:34,737 INFO [paris_sender] (151/1511) Default -> joanmadsen@compuserve.com | From: admin@hcgate.com | Subject: RE: Transaction Notification - Payment Details Enclosed | Attachment: None
2026-03-04 10:05:34,752 INFO [paris_sender] (152/1511) Default -> joanncorral@netscape.net | From: admin@hcgate.com | Subject: RE: Transaction Notification - Payment Details Enclosed | Attachment: None
2026-03-04 10:05:35,593 INFO [paris_sender] (153/1511) Default -> joannagurley@cs.com | From: admin@hcgate.com | Subject: RE: Transaction Notification - Payment Details Enclosed | Attachment: None
2026-03-04 10:05:35,631 INFO [paris_sender] (155/1511) Default -> joanna1582@aim.com | From: admin@hcgate.com | Subject: RE: Transaction Notification - Payment Details Enclosed | Attachment: None
2026-03-04 10:05:35,631 INFO [paris_sender] (154/1511) Default -> joandellay@netscape.net | From: admin@hcgate.com | Subject: RE: Transaction Notification - Payment Details Enclosed | Attachment: None
2026-03-04 10:05:35,631 INFO [paris_sender] (156/1511) Default -> joanmwillson@gte.net | From: admin@hcgate.com | Subject: RE: Transaction Notification - Payment Details Enclosed | Attachment: None
2026-03-04 10:05:35,635 INFO [paris_sender] (157/1511) Default -> joann.febre@gte.net | From: admin@hcgate.com | Subject: RE: Transaction Notification - Payment Details Enclosed | Attachment: None
2026-03-04 10:05:35,635 INFO [paris_sender] (158/1511) Default -> joann.johnson@cs.com | From: admin@hcgate.com | Subject: RE: Transaction Notification - Payment Details Enclosed | Attachment: None
2026-03-04 10:05:35,646 INFO [paris_sender] (159/1511) Default -> joann@netscape.net | From: admin@hcgate.com | Subject: RE: Transaction Notification - Payment Details Enclosed | Attachment: None
2026-03-04 10:05:35,662 INFO [paris_sender] (161/1511) Default -> joank@netscape.com | From: admin@hcgate.com | Subject: RE: Transaction Notification - Payment Details Enclosed | Attachment: None
2026-03-04 10:05:35,671 INFO [paris_sender] (160/1511) Default -> joanbjunior@cs.com | From: admin@hcgate.com | Subject: RE: Transaction Notification - Payment Details Enclosed | Attachment: None
2026-03-04 10:05:35,671 INFO [paris_sender] (162/1511) Default -> joannanicolee@aim.com | From: admin@hcgate.com | Subject: RE: Transaction Notification - Payment Details Enclosed | Attachment: None
2026-03-04 10:05:36,484 INFO [paris_sender] (163/1511) Default -> joanne.namey@netscape.net | From: admin@hcgate.com | Subject: RE: Transaction Notification - Payment Details Enclosed | Attachment: None
2026-03-04 10:05:36,504 INFO [paris_sender] (164/1511) Default -> joann.gonzales@cs.com | From: admin@hcgate.com | Subject: RE: Transaction Notification - Payment Details Enclosed | Attachment: None
2026-03-04 10:05:36,515 INFO [paris_sender] (165/1511) Default -> joandanklef@netscape.net | From: admin@hcgate.com | Subject: RE: Transaction Notification - Payment Details Enclosed | Attachment: None
2026-03-04 10:05:36,520 INFO [paris_sender] (167/1511) Default -> joannawolverton@netscape.net | From: admin@hcgate.com | Subject: RE: Transaction Notification - Payment Details Enclosed | Attachment: None
2026-03-04 10:05:36,520 INFO [paris_sender] (166/1511) Default -> joanbankston@cs.com | From: admin@hcgate.com | Subject: RE: Transaction Notification - Payment Details Enclosed | Attachment: None
2026-03-04 10:05:36,537 INFO [paris_sender] (168/1511) Default -> joancook@netscape.com | From: admin@hcgate.com | Subject: RE: Transaction Notification - Payment Details Enclosed | Attachment: None
2026-03-04 10:05:36,537 INFO [paris_sender] (169/1511) Default -> joanne.williams@cs.com | From: admin@hcgate.com | Subject: RE: Transaction Notification - Payment Details Enclosed | Attachment: None
2026-03-04 10:05:36,569 INFO [paris_sender] (172/1511) Default -> joann.harris@cs.com | From: admin@hcgate.com | Subject: RE: Transaction Notification - Payment Details Enclosed | Attachment: None
2026-03-04 10:05:36,569 INFO [paris_sender] (171/1511) Default -> joangarc@gte.net | From: admin@hcgate.com | Subject: RE: Transaction Notification - Payment Details Enclosed | Attachment: None
2026-03-04 10:05:36,569 INFO [paris_sender] (170/1511) Default -> joanne.appel@netscape.net | From: admin@hcgate.com | Subject: RE: Transaction Notification - Payment Details Enclosed | Attachment: None
2026-03-04 10:05:37,378 INFO [paris_sender] (173/1511) Default -> joanna.ellsberry@gte.net | From: admin@hcgate.com | Subject: RE: Transaction Notification - Payment Details Enclosed | Attachment: None
2026-03-04 10:05:37,378 INFO [paris_sender] (174/1511) Default -> joannahollows@netscape.net | From: admin@hcgate.com | Subject: RE: Transaction Notification - Payment Details Enclosed | Attachment: None
2026-03-04 10:05:37,395 INFO [paris_sender] (177/1511) Default -> joanna.burg@netscape.net | From: admin@hcgate.com | Subject: RE: Transaction Notification - Payment Details Enclosed | Attachment: None
2026-03-04 10:05:37,395 INFO [paris_sender] (175/1511) Default -> joannalandry.gte@bellatlantic.net | From: admin@hcgate.com | Subject: RE: Transaction Notification - Payment Details Enclosed | Attachment: None
2026-03-04 10:05:37,395 INFO [paris_sender] (176/1511) Default -> joanna.rowe@aim.com | From: admin@hcgate.com | Subject: RE: Transaction Notification - Payment Details Enclosed | Attachment: None
2026-03-04 10:05:37,430 INFO [paris_sender] (180/1511) Default -> joannabrownfield@netscape.net | From: admin@hcgate.com | Subject: RE: Transaction Notification - Payment Details Enclosed | Attachment: None
2026-03-04 10:05:37,430 INFO [paris_sender] (179/1511) Default -> joanbrenneis@bellatlantic.net | From: admin@hcgate.com | Subject: RE: Transaction Notification - Payment Details Enclosed | Attachment: None
2026-03-04 10:05:37,430 INFO [paris_sender] (178/1511) Default -> joannacathey@wmconnect.com | From: admin@hcgate.com | Subject: RE: Transaction Notification - Payment Details Enclosed | Attachment: None
2026-03-04 10:05:37,430 INFO [paris_sender] (181/1511) Default -> joannabishop@bellatlantic.net | From: admin@hcgate.com | Subject: RE: Transaction Notification - Payment Details Enclosed | Attachment: None
2026-03-04 10:05:37,462 INFO [paris_sender] (182/1511) Default -> joanna.aguirre@netscape.net | From: admin@hcgate.com | Subject: RE: Transaction Notification - Payment Details Enclosed | Attachment: None
2026-03-04 10:05:38,279 INFO [paris_sender] (183/1511) Default -> joanne.ziegler@cs.com | From: admin@hcgate.com | Subject: RE: Transaction Notification - Payment Details Enclosed | Attachment: None
2026-03-04 10:05:38,297 INFO [paris_sender] (184/1511) Default -> joanmikedavis@cs.com | From: admin@hcgate.com | Subject: RE: Transaction Notification - Payment Details Enclosed | Attachment: None
2026-03-04 10:05:38,297 INFO [paris_sender] (185/1511) Default -> joanellj@netscape.net | From: admin@hcgate.com | Subject: RE: Transaction Notification - Payment Details Enclosed | Attachment: None
2026-03-04 10:05:38,313 INFO [paris_sender] (186/1511) Default -> joann_ritchey@gte.net | From: admin@hcgate.com | Subject: RE: Transaction Notification - Payment Details Enclosed | Attachment: None
2026-03-04 10:05:38,313 INFO [paris_sender] (188/1511) Default -> joanmasters@cs.com | From: admin@hcgate.com | Subject: RE: Transaction Notification - Payment Details Enclosed | Attachment: None
2026-03-04 10:05:38,313 INFO [paris_sender] (189/1511) Default -> joanjay@cs.com | From: admin@hcgate.com | Subject: RE: Transaction Notification - Payment Details Enclosed | Attachment: None
2026-03-04 10:05:38,344 INFO [paris_sender] (187/1511) Default -> joana@aim.com | From: admin@hcgate.com | Subject: RE: Transaction Notification - Payment Details Enclosed | Attachment: None
2026-03-04 10:05:38,362 INFO [paris_sender] (190/1511) Default -> joann.ponder@gte.net | From: admin@hcgate.com | Subject: RE: Transaction Notification - Payment Details Enclosed | Attachment: None
2026-03-04 10:05:38,411 INFO [paris_sender] (192/1511) Default -> joanna.soto@netscape.net | From: admin@hcgate.com | Subject: RE: Transaction Notification - Payment Details Enclosed | Attachment: None
2026-03-04 10:05:38,411 INFO [paris_sender] (191/1511) Default -> joanna.aviles@netscape.net | From: admin@hcgate.com | Subject: RE: Transaction Notification - Payment Details Enclosed | Attachment: None
2026-03-04 10:05:39,143 INFO [paris_sender] (193/1511) Default -> joana_darc18@compuserve.com | From: admin@hcgate.com | Subject: RE: Transaction Notification - Payment Details Enclosed | Attachment: None
2026-03-04 10:05:39,159 INFO [paris_sender] (194/1511) Default -> joann327@cs.com | From: admin@hcgate.com | Subject: RE: Transaction Notification - Payment Details Enclosed | Attachment: None
2026-03-04 10:05:39,159 INFO [paris_sender] (195/1511) Default -> joannamilkay@wmconnect.com | From: admin@hcgate.com | Subject: RE: Transaction Notification - Payment Details Enclosed | Attachment: None
2026-03-04 10:05:39,159 INFO [paris_sender] (196/1511) Default -> joann.moore@gte.net | From: admin@hcgate.com | Subject: RE: Transaction Notification - Payment Details Enclosed | Attachment: None
2026-03-04 10:05:39,179 INFO [paris_sender] (197/1511) Default -> joanasuter@cs.com | From: admin@hcgate.com | Subject: RE: Transaction Notification - Payment Details Enclosed | Attachment: None
2026-03-04 10:05:39,179 INFO [paris_sender] (198/1511) Default -> joanmcney@bellatlantic.net | From: admin@hcgate.com | Subject: RE: Transaction Notification - Payment Details Enclosed | Attachment: None
2026-03-04 10:05:39,179 INFO [paris_sender] (199/1511) Default -> joandtoni@netscape.com | From: admin@hcgate.com | Subject: RE: Transaction Notification - Payment Details Enclosed | Attachment: None
2026-03-04 10:05:39,194 INFO [paris_sender] (200/1511) Default -> joanne.turner11@cs.com | From: admin@hcgate.com | Subject: RE: Transaction Notification - Payment Details Enclosed | Attachment: None
2026-03-04 10:05:39,194 INFO [paris_sender] (201/1511) Default -> joanne.gibbs@cs.com | From: admin@hcgate.com | Subject: RE: Transaction Notification - Payment Details Enclosed | Attachment: None
2026-03-04 10:05:39,369 INFO [paris_sender] (202/1511) Default -> joancrosby@netscape.net | From: admin@hcgate.com | Subject: RE: Transaction Notification - Payment Details Enclosed | Attachment: None
2026-03-04 10:05:39,977 INFO [paris_sender] (203/1511) Default -> joanmontoya@cs.com | From: admin@hcgate.com | Subject: RE: Transaction Notification - Payment Details Enclosed | Attachment: None
2026-03-04 10:05:39,977 INFO [paris_sender] (204/1511) Default -> joannaclayton@cs.com | From: admin@hcgate.com | Subject: RE: Transaction Notification - Payment Details Enclosed | Attachment: None
2026-03-04 10:05:39,994 INFO [paris_sender] (206/1511) Default -> joanne.berry@cs.com | From: admin@hcgate.com | Subject: RE: Transaction Notification - Payment Details Enclosed | Attachment: None
2026-03-04 10:05:39,994 INFO [paris_sender] (205/1511) Default -> joanna.haskins@netscape.net | From: admin@hcgate.com | Subject: RE: Transaction Notification - Payment Details Enclosed | Attachment: None
2026-03-04 10:05:39,994 INFO [paris_sender] (207/1511) Default -> joanne.lugo@netscape.net | From: admin@hcgate.com | Subject: RE: Transaction Notification - Payment Details Enclosed | Attachment: None
2026-03-04 10:05:40,017 INFO [paris_sender] (208/1511) Default -> joannart221@wmconnect.com | From: admin@hcgate.com | Subject: RE: Transaction Notification - Payment Details Enclosed | Attachment: None
2026-03-04 10:05:40,024 INFO [paris_sender] (212/1511) Default -> joandawg@netscape.com | From: admin@hcgate.com | Subject: RE: Transaction Notification - Payment Details Enclosed | Attachment: None
2026-03-04 10:05:40,024 INFO [paris_sender] (210/1511) Default -> joann.boles@netscape.net | From: admin@hcgate.com | Subject: RE: Transaction Notification - Payment Details Enclosed | Attachment: None
2026-03-04 10:05:40,024 INFO [paris_sender] (211/1511) Default -> joanart1357@cs.com | From: admin@hcgate.com | Subject: RE: Transaction Notification - Payment Details Enclosed | Attachment: None
2026-03-04 10:05:40,046 INFO [paris_sender] (209/1511) Default -> joanndubreuil@netscape.net | From: admin@hcgate.com | Subject: RE: Transaction Notification - Payment Details Enclosed | Attachment: None
2026-03-04 10:05:40,841 INFO [paris_sender] (213/1511) Default -> joanalderdice@netscape.net | From: admin@hcgate.com | Subject: RE: Transaction Notification - Payment Details Enclosed | Attachment: None
2026-03-04 10:05:40,855 INFO [paris_sender] (214/1511) Default -> joannbolen@cs.com | From: admin@hcgate.com | Subject: RE: Transaction Notification - Payment Details Enclosed | Attachment: None
2026-03-04 10:05:40,872 INFO [paris_sender] (215/1511) Default -> joann.warner@cs.com | From: admin@hcgate.com | Subject: RE: Transaction Notification - Payment Details Enclosed | Attachment: None
2026-03-04 10:05:40,872 INFO [paris_sender] (216/1511) Default -> joangallent@bellatlantic.net | From: admin@hcgate.com | Subject: RE: Transaction Notification - Payment Details Enclosed | Attachment: None
2026-03-04 10:05:40,872 INFO [paris_sender] (217/1511) Default -> joannaadagley@netscape.net | From: admin@hcgate.com | Subject: RE: Transaction Notification - Payment Details Enclosed | Attachment: None
2026-03-04 10:05:40,876 INFO [paris_sender] (218/1511) Default -> joandonley@bellatlantic.net | From: admin@hcgate.com | Subject: RE: Transaction Notification - Payment Details Enclosed | Attachment: None
2026-03-04 10:05:40,904 INFO [paris_sender] (222/1511) Default -> joann.spadaro@cs.com | From: admin@hcgate.com | Subject: RE: Transaction Notification - Payment Details Enclosed | Attachment: None
2026-03-04 10:05:40,904 INFO [paris_sender] (221/1511) Default -> joanne.simpson@cs.com | From: admin@hcgate.com | Subject: RE: Transaction Notification - Payment Details Enclosed | Attachment: None
2026-03-04 10:05:40,904 INFO [paris_sender] (220/1511) Default -> joanarnld1@cs.com | From: admin@hcgate.com | Subject: RE: Transaction Notification - Payment Details Enclosed | Attachment: None
2026-03-04 10:05:40,904 INFO [paris_sender] (219/1511) Default -> joanbrewer@wmconnect.com | From: admin@hcgate.com | Subject: RE: Transaction Notification - Payment Details Enclosed | Attachment: None
2026-03-04 10:05:41,720 INFO [paris_sender] (223/1511) Default -> joanformiglia@netscape.net | From: admin@hcgate.com | Subject: RE: Transaction Notification - Payment Details Enclosed | Attachment: None
2026-03-04 10:05:41,734 INFO [paris_sender] (224/1511) Default -> joanaf@cs.com | From: admin@hcgate.com | Subject: RE: Transaction Notification - Payment Details Enclosed | Attachment: None
2026-03-04 10:05:41,738 INFO [paris_sender] (225/1511) Default -> joann.weisman@aim.com | From: admin@hcgate.com | Subject: RE: Transaction Notification - Payment Details Enclosed | Attachment: None
2026-03-04 10:05:41,753 INFO [paris_sender] (227/1511) Default -> joanne.florek@netscape.net | From: admin@hcgate.com | Subject: RE: Transaction Notification - Payment Details Enclosed | Attachment: None
2026-03-04 10:05:41,753 INFO [paris_sender] (226/1511) Default -> joanconover@netscape.net | From: admin@hcgate.com | Subject: RE: Transaction Notification - Payment Details Enclosed | Attachment: None
2026-03-04 10:05:41,753 INFO [paris_sender] (228/1511) Default -> joanmccollum@netscape.net | From: admin@hcgate.com | Subject: RE: Transaction Notification - Payment Details Enclosed | Attachment: None
2026-03-04 10:05:41,770 INFO [paris_sender] (229/1511) Default -> joanmeszaros@netscape.net | From: admin@hcgate.com | Subject: RE: Transaction Notification - Payment Details Enclosed | Attachment: None
2026-03-04 10:05:41,776 INFO [paris_sender] (230/1511) Default -> joannaandrsn@compuserve.com | From: admin@hcgate.com | Subject: RE: Transaction Notification - Payment Details Enclosed | Attachment: None
2026-03-04 10:05:41,787 INFO [paris_sender] (231/1511) Default -> joanmoskowitz@cs.com | From: admin@hcgate.com | Subject: RE: Transaction Notification - Payment Details Enclosed | Attachment: None
2026-03-04 10:05:41,787 INFO [paris_sender] (232/1511) Default -> joanemyers@netscape.net | From: admin@hcgate.com | Subject: RE: Transaction Notification - Payment Details Enclosed | Attachment: None
2026-03-04 10:05:42,516 INFO [paris_sender] (233/1511) Default -> joanmercurio@cs.com | From: admin@hcgate.com | Subject: RE: Transaction Notification - Payment Details Enclosed | Attachment: None
2026-03-04 10:05:42,535 INFO [paris_sender] (234/1511) Default -> joanfassbach@netscape.net | From: admin@hcgate.com | Subject: RE: Transaction Notification - Payment Details Enclosed | Attachment: None
2026-03-04 10:05:42,550 INFO [paris_sender] (235/1511) Default -> joanna.gillette@netscape.net | From: admin@hcgate.com | Subject: RE: Transaction Notification - Payment Details Enclosed | Attachment: None
2026-03-04 10:05:42,550 INFO [paris_sender] (236/1511) Default -> joanburks@netscape.net | From: admin@hcgate.com | Subject: RE: Transaction Notification - Payment Details Enclosed | Attachment: None
2026-03-04 10:05:42,550 INFO [paris_sender] (237/1511) Default -> joand723@netscape.com | From: admin@hcgate.com | Subject: RE: Transaction Notification - Payment Details Enclosed | Attachment: None
2026-03-04 10:05:42,566 INFO [paris_sender] (238/1511) Default -> joananchuy@netscape.net | From: admin@hcgate.com | Subject: RE: Transaction Notification - Payment Details Enclosed | Attachment: None
2026-03-04 10:05:42,578 INFO [paris_sender] (239/1511) Default -> joann.hansen@netscape.net | From: admin@hcgate.com | Subject: RE: Transaction Notification - Payment Details Enclosed | Attachment: None
2026-03-04 10:05:42,584 INFO [paris_sender] (240/1511) Default -> joanglasgow@wmconnect.com | From: admin@hcgate.com | Subject: RE: Transaction Notification - Payment Details Enclosed | Attachment: None
2026-03-04 10:05:42,584 INFO [paris_sender] (241/1511) Default -> joanevenelson@bellatlantic.net | From: admin@hcgate.com | Subject: RE: Transaction Notification - Payment Details Enclosed | Attachment: None
2026-03-04 10:05:42,584 INFO [paris_sender] (242/1511) Default -> joanmgk@compuserve.com | From: admin@hcgate.com | Subject: RE: Transaction Notification - Payment Details Enclosed | Attachment: None
2026-03-04 10:05:43,359 INFO [paris_sender] (243/1511) Default -> joann.steakley@wmconnect.com | From: admin@hcgate.com | Subject: RE: Transaction Notification - Payment Details Enclosed | Attachment: None
2026-03-04 10:05:43,376 INFO [paris_sender] (245/1511) Default -> joannal@netscape.net | From: admin@hcgate.com | Subject: RE: Transaction Notification - Payment Details Enclosed | Attachment: None
2026-03-04 10:05:43,390 INFO [paris_sender] (244/1511) Default -> joanangle@cs.com | From: admin@hcgate.com | Subject: RE: Transaction Notification - Payment Details Enclosed | Attachment: None
2026-03-04 10:05:43,390 INFO [paris_sender] (246/1511) Default -> joandrah@netscape.net | From: admin@hcgate.com | Subject: RE: Transaction Notification - Payment Details Enclosed | Attachment: None
2026-03-04 10:05:43,398 INFO [paris_sender] (247/1511) Default -> joannavillanueva@netscape.net | From: admin@hcgate.com | Subject: RE: Transaction Notification - Payment Details Enclosed | Attachment: None
2026-03-04 10:05:43,398 INFO [paris_sender] (248/1511) Default -> joani.jorstad@cs.com | From: admin@hcgate.com | Subject: RE: Transaction Notification - Payment Details Enclosed | Attachment: None
2026-03-04 10:05:43,398 INFO [paris_sender] (249/1511) Default -> joanedmonds@netscape.com | From: admin@hcgate.com | Subject: RE: Transaction Notification - Payment Details Enclosed | Attachment: None
2026-03-04 10:05:43,405 INFO [paris_sender] (251/1511) Default -> joanaverner@netscape.net | From: admin@hcgate.com | Subject: RE: Transaction Notification - Payment Details Enclosed | Attachment: None
2026-03-04 10:05:43,405 INFO [paris_sender] (250/1511) Default -> joannbaby@netscape.com | From: admin@hcgate.com | Subject: RE: Transaction Notification - Payment Details Enclosed | Attachment: None
2026-03-04 10:05:43,477 INFO [paris_sender] (252/1511) Default -> joanne.sutton@wmconnect.com | From: admin@hcgate.com | Subject: RE: Transaction Notification - Payment Details Enclosed | Attachment: None
2026-03-04 10:05:44,219 INFO [paris_sender] (253/1511) Default -> joann.shallenberger@wmconnect.com | From: admin@hcgate.com | Subject: RE: Transaction Notification - Payment Details Enclosed | Attachment: None
2026-03-04 10:05:44,237 INFO [paris_sender] (255/1511) Default -> joannayarborough@netscape.net | From: admin@hcgate.com | Subject: RE: Transaction Notification - Payment Details Enclosed | Attachment: None
2026-03-04 10:05:44,237 INFO [paris_sender] (256/1511) Default -> joanhollar@cs.com | From: admin@hcgate.com | Subject: RE: Transaction Notification - Payment Details Enclosed | Attachment: None
2026-03-04 10:05:44,237 INFO [paris_sender] (254/1511) Default -> joanmariea@netscape.net | From: admin@hcgate.com | Subject: RE: Transaction Notification - Payment Details Enclosed | Attachment: None
2026-03-04 10:05:44,237 INFO [paris_sender] (261/1511) Default -> joann.bales@gte.net | From: admin@hcgate.com | Subject: RE: Transaction Notification - Payment Details Enclosed | Attachment: None
2026-03-04 10:05:44,237 INFO [paris_sender] (257/1511) Default -> joankaelin@netscape.net | From: admin@hcgate.com | Subject: RE: Transaction Notification - Payment Details Enclosed | Attachment: None
2026-03-04 10:05:44,237 INFO [paris_sender] (258/1511) Default -> joankroll@netscape.net | From: admin@hcgate.com | Subject: RE: Transaction Notification - Payment Details Enclosed | Attachment: None
2026-03-04 10:05:44,237 INFO [paris_sender] (259/1511) Default -> joanklimek@netscape.net | From: admin@hcgate.com | Subject: RE: Transaction Notification - Payment Details Enclosed | Attachment: None
2026-03-04 10:05:44,237 INFO [paris_sender] (260/1511) Default -> joanna2741@netscape.net | From: admin@hcgate.com | Subject: RE: Transaction Notification - Payment Details Enclosed | Attachment: None
2026-03-04 10:05:44,237 INFO [paris_sender] (262/1511) Default -> joanlongusa@netscape.net | From: admin@hcgate.com | Subject: RE: Transaction Notification - Payment Details Enclosed | Attachment: None
2026-03-04 10:05:45,078 INFO [paris_sender] (263/1511) Default -> joann.koontz@netscape.net | From: admin@hcgate.com | Subject: RE: Transaction Notification - Payment Details Enclosed | Attachment: None
2026-03-04 10:05:45,078 INFO [paris_sender] (264/1511) Default -> joandadms@bellatlantic.net | From: admin@hcgate.com | Subject: RE: Transaction Notification - Payment Details Enclosed | Attachment: None
2026-03-04 10:05:45,089 INFO [paris_sender] (265/1511) Default -> joannaboone@aim.com | From: admin@hcgate.com | Subject: RE: Transaction Notification - Payment Details Enclosed | Attachment: None
2026-03-04 10:05:45,090 INFO [paris_sender] (266/1511) Default -> joann.nguyen@netscape.net | From: admin@hcgate.com | Subject: RE: Transaction Notification - Payment Details Enclosed | Attachment: None
2026-03-04 10:05:45,121 INFO [paris_sender] (267/1511) Default -> joanne.solon@netscape.net | From: admin@hcgate.com | Subject: RE: Transaction Notification - Payment Details Enclosed | Attachment: None
2026-03-04 10:05:45,121 INFO [paris_sender] (269/1511) Default -> joani@cs.com | From: admin@hcgate.com | Subject: RE: Transaction Notification - Payment Details Enclosed | Attachment: None
2026-03-04 10:05:45,121 INFO [paris_sender] (268/1511) Default -> joann743@cs.com | From: admin@hcgate.com | Subject: RE: Transaction Notification - Payment Details Enclosed | Attachment: None
2026-03-04 10:05:45,130 INFO [paris_sender] (270/1511) Default -> joannabarge@cs.com | From: admin@hcgate.com | Subject: RE: Transaction Notification - Payment Details Enclosed | Attachment: None
2026-03-04 10:05:45,176 INFO [paris_sender] (271/1511) Default -> joanne.white@gte.net | From: admin@hcgate.com | Subject: RE: Transaction Notification - Payment Details Enclosed | Attachment: None
2026-03-04 10:05:45,202 INFO [paris_sender] (272/1511) Default -> joannahysler@cs.com | From: admin@hcgate.com | Subject: RE: Transaction Notification - Payment Details Enclosed | Attachment: None
2026-03-04 10:05:45,927 INFO [paris_sender] (273/1511) Default -> joanndetitto@wmconnect.com | From: admin@hcgate.com | Subject: RE: Transaction Notification - Payment Details Enclosed | Attachment: None
2026-03-04 10:05:45,927 INFO [paris_sender] (275/1511) Default -> joandy00@cs.com | From: admin@hcgate.com | Subject: RE: Transaction Notification - Payment Details Enclosed | Attachment: None
2026-03-04 10:05:45,927 INFO [paris_sender] (274/1511) Default -> joangct@netscape.net | From: admin@hcgate.com | Subject: RE: Transaction Notification - Payment Details Enclosed | Attachment: None
2026-03-04 10:05:45,972 INFO [paris_sender] (276/1511) Default -> joangray@wmconnect.com | From: admin@hcgate.com | Subject: RE: Transaction Notification - Payment Details Enclosed | Attachment: None
2026-03-04 10:05:45,972 INFO [paris_sender] (279/1511) Default -> joannbat@gte.net | From: admin@hcgate.com | Subject: RE: Transaction Notification - Payment Details Enclosed | Attachment: None
2026-03-04 10:05:45,972 INFO [paris_sender] (278/1511) Default -> joancampbell@gte.net | From: admin@hcgate.com | Subject: RE: Transaction Notification - Payment Details Enclosed | Attachment: None
2026-03-04 10:05:45,972 INFO [paris_sender] (277/1511) Default -> joanline1@cs.com | From: admin@hcgate.com | Subject: RE: Transaction Notification - Payment Details Enclosed | Attachment: None
2026-03-04 10:05:45,972 INFO [paris_sender] (280/1511) Default -> joann.kelley@cs.com | From: admin@hcgate.com | Subject: RE: Transaction Notification - Payment Details Enclosed | Attachment: None
2026-03-04 10:05:45,972 INFO [paris_sender] (282/1511) Default -> joann.finklea@cs.com | From: admin@hcgate.com | Subject: RE: Transaction Notification - Payment Details Enclosed | Attachment: None
2026-03-04 10:05:45,972 INFO [paris_sender] (281/1511) Default -> joanne.nelson@cs.com | From: admin@hcgate.com | Subject: RE: Transaction Notification - Payment Details Enclosed | Attachment: None
2026-03-04 10:05:46,765 INFO [paris_sender] (283/1511) Default -> joann.valdez@cs.com | From: admin@hcgate.com | Subject: RE: Transaction Notification - Payment Details Enclosed | Attachment: None
2026-03-04 10:05:46,777 INFO [paris_sender] (284/1511) Default -> joanne.castro@netscape.net | From: admin@hcgate.com | Subject: RE: Transaction Notification - Payment Details Enclosed | Attachment: None
2026-03-04 10:05:46,791 INFO [paris_sender] (285/1511) Default -> joannascarpa@cs.com | From: admin@hcgate.com | Subject: RE: Transaction Notification - Payment Details Enclosed | Attachment: None
2026-03-04 10:05:46,807 INFO [paris_sender] (286/1511) Default -> joanne.pepper@gte.net | From: admin@hcgate.com | Subject: RE: Transaction Notification - Payment Details Enclosed | Attachment: None
2026-03-04 10:05:46,807 INFO [paris_sender] (287/1511) Default -> joannaleep@netscape.net | From: admin@hcgate.com | Subject: RE: Transaction Notification - Payment Details Enclosed | Attachment: None
2026-03-04 10:05:46,823 INFO [paris_sender] (288/1511) Default -> joanlandi@netscape.net | From: admin@hcgate.com | Subject: RE: Transaction Notification - Payment Details Enclosed | Attachment: None
2026-03-04 10:05:46,839 INFO [paris_sender] (289/1511) Default -> joannagreen@gte.net | From: admin@hcgate.com | Subject: RE: Transaction Notification - Payment Details Enclosed | Attachment: None
2026-03-04 10:05:46,850 INFO [paris_sender] (291/1511) Default -> joandubiel@netscape.net | From: admin@hcgate.com | Subject: RE: Transaction Notification - Payment Details Enclosed | Attachment: None
2026-03-04 10:05:46,856 INFO [paris_sender] (290/1511) Default -> joannbrayton@netscape.net | From: admin@hcgate.com | Subject: RE: Transaction Notification - Payment Details Enclosed | Attachment: None
2026-03-04 10:05:46,856 INFO [paris_sender] (292/1511) Default -> joancraw6@netscape.net | From: admin@hcgate.com | Subject: RE: Transaction Notification - Payment Details Enclosed | Attachment: None
2026-03-04 10:05:47,641 INFO [paris_sender] (293/1511) Default -> joann.potter@cs.com | From: admin@hcgate.com | Subject: RE: Transaction Notification - Payment Details Enclosed | Attachment: None
2026-03-04 10:05:47,652 INFO [paris_sender] (294/1511) Default -> joanne.wesley@netscape.net | From: admin@hcgate.com | Subject: RE: Transaction Notification - Payment Details Enclosed | Attachment: None
2026-03-04 10:05:47,652 INFO [paris_sender] (295/1511) Default -> joann.darden@cs.com | From: admin@hcgate.com | Subject: RE: Transaction Notification - Payment Details Enclosed | Attachment: None
2026-03-04 10:05:47,652 INFO [paris_sender] (296/1511) Default -> joanhumler@cs.com | From: admin@hcgate.com | Subject: RE: Transaction Notification - Payment Details Enclosed | Attachment: None
2026-03-04 10:05:47,668 INFO [paris_sender] (297/1511) Default -> joanna.molina@aim.com | From: admin@hcgate.com | Subject: RE: Transaction Notification - Payment Details Enclosed | Attachment: None
2026-03-04 10:05:47,672 INFO [paris_sender] (298/1511) Default -> joanne.barker@cs.com | From: admin@hcgate.com | Subject: RE: Transaction Notification - Payment Details Enclosed | Attachment: None
2026-03-04 10:05:47,684 INFO [paris_sender] (299/1511) Default -> joanne.garcia@bellatlantic.net | From: admin@hcgate.com | Subject: RE: Transaction Notification - Payment Details Enclosed | Attachment: None
2026-03-04 10:05:47,684 INFO [paris_sender] (300/1511) Default -> joanne10035@cs.com | From: admin@hcgate.com | Subject: RE: Transaction Notification - Payment Details Enclosed | Attachment: None
2026-03-04 10:05:47,705 INFO [paris_sender] (302/1511) Default -> joanna2fly@gte.net | From: admin@hcgate.com | Subject: RE: Transaction Notification - Payment Details Enclosed | Attachment: None
2026-03-04 10:05:47,705 INFO [paris_sender] (301/1511) Default -> joanamadrigal@cs.com | From: admin@hcgate.com | Subject: RE: Transaction Notification - Payment Details Enclosed | Attachment: None
2026-03-04 10:05:48,547 INFO [paris_sender] (303/1511) Default -> joann.talbot@aim.com | From: admin@hcgate.com | Subject: RE: Transaction Notification - Payment Details Enclosed | Attachment: None
2026-03-04 10:05:48,557 INFO [paris_sender] (304/1511) Default -> joanmietz@cs.com | From: admin@hcgate.com | Subject: RE: Transaction Notification - Payment Details Enclosed | Attachment: None
2026-03-04 10:05:48,557 INFO [paris_sender] (305/1511) Default -> joannabeddingfield@netscape.net | From: admin@hcgate.com | Subject: RE: Transaction Notification - Payment Details Enclosed | Attachment: None
2026-03-04 10:05:48,578 INFO [paris_sender] (306/1511) Default -> joanne.cronin@gte.net | From: admin@hcgate.com | Subject: RE: Transaction Notification - Payment Details Enclosed | Attachment: None
2026-03-04 10:05:48,606 INFO [paris_sender] (308/1511) Default -> joann.baade@netscape.com | From: admin@hcgate.com | Subject: RE: Transaction Notification - Payment Details Enclosed | Attachment: None
2026-03-04 10:05:48,609 INFO [paris_sender] (307/1511) Default -> joanne.jacobsen@bellatlantic.net | From: admin@hcgate.com | Subject: RE: Transaction Notification - Payment Details Enclosed | Attachment: None
2026-03-04 10:05:48,609 INFO [paris_sender] (310/1511) Default -> joanmcpherson@aim.com | From: admin@hcgate.com | Subject: RE: Transaction Notification - Payment Details Enclosed | Attachment: None
2026-03-04 10:05:48,609 INFO [paris_sender] (309/1511) Default -> joanmcglaun@bellatlantic.net | From: admin@hcgate.com | Subject: RE: Transaction Notification - Payment Details Enclosed | Attachment: None
2026-03-04 10:05:48,609 INFO [paris_sender] (311/1511) Default -> joanm@wmconnect.com | From: admin@hcgate.com | Subject: RE: Transaction Notification - Payment Details Enclosed | Attachment: None
2026-03-04 10:05:48,609 INFO [paris_sender] (312/1511) Default -> joanbaird@netscape.net | From: admin@hcgate.com | Subject: RE: Transaction Notification - Payment Details Enclosed | Attachment: None
2026-03-04 10:05:49,453 INFO [paris_sender] (313/1511) Default -> joanandvern@cs.com | From: admin@hcgate.com | Subject: RE: Transaction Notification - Payment Details Enclosed | Attachment: None
2026-03-04 10:05:49,453 INFO [paris_sender] (314/1511) Default -> joanne.finch@netscape.net | From: admin@hcgate.com | Subject: RE: Transaction Notification - Payment Details Enclosed | Attachment: None
2026-03-04 10:05:49,453 INFO [paris_sender] (315/1511) Default -> joanheyn@netscape.net | From: admin@hcgate.com | Subject: RE: Transaction Notification - Payment Details Enclosed | Attachment: None
2026-03-04 10:05:49,465 INFO [paris_sender] (316/1511) Default -> joanna.will@wmconnect.com | From: admin@hcgate.com | Subject: RE: Transaction Notification - Payment Details Enclosed | Attachment: None
2026-03-04 10:05:49,484 INFO [paris_sender] (317/1511) Default -> joannajury1961@cs.com | From: admin@hcgate.com | Subject: RE: Transaction Notification - Payment Details Enclosed | Attachment: None
2026-03-04 10:05:49,484 INFO [paris_sender] (318/1511) Default -> joann.harding@gte.net | From: admin@hcgate.com | Subject: RE: Transaction Notification - Payment Details Enclosed | Attachment: None
2026-03-04 10:05:49,497 INFO [paris_sender] (319/1511) Default -> joann_chandler@compuserve.com | From: admin@hcgate.com | Subject: RE: Transaction Notification - Payment Details Enclosed | Attachment: None
2026-03-04 10:05:49,497 INFO [paris_sender] (322/1511) Default -> joangtp@gte.net | From: admin@hcgate.com | Subject: RE: Transaction Notification - Payment Details Enclosed | Attachment: None
2026-03-04 10:05:49,497 INFO [paris_sender] (321/1511) Default -> joanna260@cs.com | From: admin@hcgate.com | Subject: RE: Transaction Notification - Payment Details Enclosed | Attachment: None
2026-03-04 10:05:49,497 INFO [paris_sender] (320/1511) Default -> joannakubo@cs.com | From: admin@hcgate.com | Subject: RE: Transaction Notification - Payment Details Enclosed | Attachment: None
2026-03-04 10:05:50,477 INFO [paris_sender] (331/1511) Default -> joanburney@netscape.net | From: admin@hcgate.com | Subject: RE: Transaction Notification - Payment Details Enclosed | Attachment: None
2026-03-04 10:05:50,477 INFO [paris_sender] (323/1511) Default -> joanhouser@cs.com | From: admin@hcgate.com | Subject: RE: Transaction Notification - Payment Details Enclosed | Attachment: None
2026-03-04 10:05:50,477 INFO [paris_sender] (324/1511) Default -> joanesh@netscape.com | From: admin@hcgate.com | Subject: RE: Transaction Notification - Payment Details Enclosed | Attachment: None
2026-03-04 10:05:50,496 INFO [paris_sender] (326/1511) Default -> joannbingham@gte.net | From: admin@hcgate.com | Subject: RE: Transaction Notification - Payment Details Enclosed | Attachment: None
2026-03-04 10:05:50,496 INFO [paris_sender] (327/1511) Default -> joannahimes@netscape.net | From: admin@hcgate.com | Subject: RE: Transaction Notification - Payment Details Enclosed | Attachment: None
2026-03-04 10:05:50,496 INFO [paris_sender] (329/1511) Default -> joannbrisker1@cs.com | From: admin@hcgate.com | Subject: RE: Transaction Notification - Payment Details Enclosed | Attachment: None
2026-03-04 10:05:50,496 INFO [paris_sender] (328/1511) Default -> joanhowey@netscape.net | From: admin@hcgate.com | Subject: RE: Transaction Notification - Payment Details Enclosed | Attachment: None
2026-03-04 10:05:50,496 INFO [paris_sender] (330/1511) Default -> joannamcmillen@netscape.net | From: admin@hcgate.com | Subject: RE: Transaction Notification - Payment Details Enclosed | Attachment: None
2026-03-04 10:05:50,508 INFO [paris_sender] (332/1511) Default -> joannamoreno@netscape.net | From: admin@hcgate.com | Subject: RE: Transaction Notification - Payment Details Enclosed | Attachment: None
2026-03-04 10:05:50,508 INFO [paris_sender] (325/1511) Default -> joanmicro1@wmconnect.com | From: admin@hcgate.com | Subject: RE: Transaction Notification - Payment Details Enclosed | Attachment: None
2026-03-04 10:05:51,519 INFO [paris_sender] (333/1511) Default -> joannbrandie@cs.com | From: admin@hcgate.com | Subject: RE: Transaction Notification - Payment Details Enclosed | Attachment: None
2026-03-04 10:05:51,535 INFO [paris_sender] (334/1511) Default -> joandwyer@netscape.net | From: admin@hcgate.com | Subject: RE: Transaction Notification - Payment Details Enclosed | Attachment: None
2026-03-04 10:05:51,535 INFO [paris_sender] (337/1511) Default -> joanmckissick@cs.com | From: admin@hcgate.com | Subject: RE: Transaction Notification - Payment Details Enclosed | Attachment: None
2026-03-04 10:05:51,535 INFO [paris_sender] (339/1511) Default -> joanne.cooper@cs.com | From: admin@hcgate.com | Subject: RE: Transaction Notification - Payment Details Enclosed | Attachment: None
2026-03-04 10:05:51,535 INFO [paris_sender] (336/1511) Default -> joannagotch@cs.com | From: admin@hcgate.com | Subject: RE: Transaction Notification - Payment Details Enclosed | Attachment: None
2026-03-04 10:05:51,535 INFO [paris_sender] (338/1511) Default -> joann.cambruzzi@netscape.net | From: admin@hcgate.com | Subject: RE: Transaction Notification - Payment Details Enclosed | Attachment: None
2026-03-04 10:05:51,535 INFO [paris_sender] (335/1511) Default -> joanne.cullen@netscape.net | From: admin@hcgate.com | Subject: RE: Transaction Notification - Payment Details Enclosed | Attachment: None
2026-03-04 10:05:51,535 INFO [paris_sender] (340/1511) Default -> joan_conrad_48@cs.com | From: admin@hcgate.com | Subject: RE: Transaction Notification - Payment Details Enclosed | Attachment: None
2026-03-04 10:05:51,552 INFO [paris_sender] (342/1511) Default -> joannchrst@cs.com | From: admin@hcgate.com | Subject: RE: Transaction Notification - Payment Details Enclosed | Attachment: None
2026-03-04 10:05:51,552 INFO [paris_sender] (341/1511) Default -> joanne.gibson@netscape.net | From: admin@hcgate.com | Subject: RE: Transaction Notification - Payment Details Enclosed | Attachment: None
2026-03-04 10:05:52,296 INFO [paris_sender] (343/1511) Default -> joannae@netscape.net | From: admin@hcgate.com | Subject: RE: Transaction Notification - Payment Details Enclosed | Attachment: None
2026-03-04 10:05:52,296 INFO [paris_sender] (344/1511) Default -> joandriscoll@netscape.net | From: admin@hcgate.com | Subject: RE: Transaction Notification - Payment Details Enclosed | Attachment: None
2026-03-04 10:05:52,296 INFO [paris_sender] (345/1511) Default -> joanne.mock@netscape.net | From: admin@hcgate.com | Subject: RE: Transaction Notification - Payment Details Enclosed | Attachment: None
2026-03-04 10:05:52,298 INFO [paris_sender] (346/1511) Default -> joanivett@compuserve.com | From: admin@hcgate.com | Subject: RE: Transaction Notification - Payment Details Enclosed | Attachment: None
2026-03-04 10:05:52,298 INFO [paris_sender] (347/1511) Default -> joan_vaz2@netscape.net | From: admin@hcgate.com | Subject: RE: Transaction Notification - Payment Details Enclosed | Attachment: None
2026-03-04 10:05:52,298 INFO [paris_sender] (348/1511) Default -> joaneeeb@cs.com | From: admin@hcgate.com | Subject: RE: Transaction Notification - Payment Details Enclosed | Attachment: None
2026-03-04 10:05:52,350 INFO [paris_sender] (349/1511) Default -> joannakelly@netscape.net | From: admin@hcgate.com | Subject: RE: Transaction Notification - Payment Details Enclosed | Attachment: None
2026-03-04 10:05:52,350 INFO [paris_sender] (350/1511) Default -> joanahartman@cs.com | From: admin@hcgate.com | Subject: RE: Transaction Notification - Payment Details Enclosed | Attachment: None
2026-03-04 10:05:52,500 INFO [paris_sender] (351/1511) Default -> joanna.boyle@netscape.net | From: admin@hcgate.com | Subject: RE: Transaction Notification - Payment Details Enclosed | Attachment: None
2026-03-04 10:05:52,500 INFO [paris_sender] (352/1511) Default -> joann.nicholson@cs.com | From: admin@hcgate.com | Subject: RE: Transaction Notification - Payment Details Enclosed | Attachment: None
2026-03-04 10:05:53,265 INFO [paris_sender] (354/1511) Default -> joanbeebe@netscape.net | From: admin@hcgate.com | Subject: RE: Transaction Notification - Payment Details Enclosed | Attachment: None
2026-03-04 10:05:53,265 INFO [paris_sender] (353/1511) Default -> joanbosworth@cs.com | From: admin@hcgate.com | Subject: RE: Transaction Notification - Payment Details Enclosed | Attachment: None
2026-03-04 10:05:53,313 INFO [paris_sender] (356/1511) Default -> joancobb@netscape.net | From: admin@hcgate.com | Subject: RE: Transaction Notification - Payment Details Enclosed | Attachment: None
2026-03-04 10:05:53,313 INFO [paris_sender] (359/1511) Default -> joannaotero@cs.com | From: admin@hcgate.com | Subject: RE: Transaction Notification - Payment Details Enclosed | Attachment: None
2026-03-04 10:05:53,368 INFO [paris_sender] (361/1511) Default -> joancoogan@netscape.net | From: admin@hcgate.com | Subject: RE: Transaction Notification - Payment Details Enclosed | Attachment: None
2026-03-04 10:05:53,400 INFO [paris_sender] (362/1511) Default -> joann.mendoza@cs.com | From: admin@hcgate.com | Subject: RE: Transaction Notification - Payment Details Enclosed | Attachment: None
2026-03-04 10:05:53,400 INFO [paris_sender] (355/1511) Default -> joancariello@cs.com | From: admin@hcgate.com | Subject: RE: Transaction Notification - Payment Details Enclosed | Attachment: None
2026-03-04 10:05:53,400 INFO [paris_sender] (358/1511) Default -> joannaswift@cs.com | From: admin@hcgate.com | Subject: RE: Transaction Notification - Payment Details Enclosed | Attachment: None
2026-03-04 10:05:53,400 INFO [paris_sender] (360/1511) Default -> joann.hogan@netscape.net | From: admin@hcgate.com | Subject: RE: Transaction Notification - Payment Details Enclosed | Attachment: None
2026-03-04 10:05:53,400 INFO [paris_sender] (357/1511) Default -> joanne.kosman@gte.net | From: admin@hcgate.com | Subject: RE: Transaction Notification - Payment Details Enclosed | Attachment: None
2026-03-04 10:05:54,259 INFO [paris_sender] (363/1511) Default -> joanbeck1@netscape.com | From: admin@hcgate.com | Subject: RE: Transaction Notification - Payment Details Enclosed | Attachment: None
2026-03-04 10:05:54,259 INFO [paris_sender] (364/1511) Default -> joanne.chu@bellatlantic.net | From: admin@hcgate.com | Subject: RE: Transaction Notification - Payment Details Enclosed | Attachment: None
2026-03-04 10:05:54,276 INFO [paris_sender] (365/1511) Default -> joanna.polak@netscape.net | From: admin@hcgate.com | Subject: RE: Transaction Notification - Payment Details Enclosed | Attachment: None
2026-03-04 10:05:54,295 INFO [paris_sender] (367/1511) Default -> joanbal20@compuserve.com | From: admin@hcgate.com | Subject: RE: Transaction Notification - Payment Details Enclosed | Attachment: None
2026-03-04 10:05:54,311 INFO [paris_sender] (372/1511) Default -> joannblan@netscape.net | From: admin@hcgate.com | Subject: RE: Transaction Notification - Payment Details Enclosed | Attachment: None
2026-03-04 10:05:54,311 INFO [paris_sender] (368/1511) Default -> joannaa@netscape.net | From: admin@hcgate.com | Subject: RE: Transaction Notification - Payment Details Enclosed | Attachment: None
2026-03-04 10:05:54,311 INFO [paris_sender] (370/1511) Default -> joanin@netscape.net | From: admin@hcgate.com | Subject: RE: Transaction Notification - Payment Details Enclosed | Attachment: None
2026-03-04 10:05:54,311 INFO [paris_sender] (369/1511) Default -> joanbarre@cs.com | From: admin@hcgate.com | Subject: RE: Transaction Notification - Payment Details Enclosed | Attachment: None
2026-03-04 10:05:54,311 INFO [paris_sender] (366/1511) Default -> joann.hernandez2@cs.com | From: admin@hcgate.com | Subject: RE: Transaction Notification - Payment Details Enclosed | Attachment: None
2026-03-04 10:05:54,311 INFO [paris_sender] (371/1511) Default -> joankinyon@netscape.net | From: admin@hcgate.com | Subject: RE: Transaction Notification - Payment Details Enclosed | Attachment: None
2026-03-04 10:05:55,150 INFO [paris_sender] (373/1511) Default -> joanncj@compuserve.com | From: admin@hcgate.com | Subject: RE: Transaction Notification - Payment Details Enclosed | Attachment: None
2026-03-04 10:05:55,166 INFO [paris_sender] (374/1511) Default -> joanhb1@bellatlantic.net | From: admin@hcgate.com | Subject: RE: Transaction Notification - Payment Details Enclosed | Attachment: None
2026-03-04 10:05:55,183 INFO [paris_sender] (376/1511) Default -> joanne.snyder@gte.net | From: admin@hcgate.com | Subject: RE: Transaction Notification - Payment Details Enclosed | Attachment: None
2026-03-04 10:05:55,183 INFO [paris_sender] (375/1511) Default -> joancardwell@cs.com | From: admin@hcgate.com | Subject: RE: Transaction Notification - Payment Details Enclosed | Attachment: None
2026-03-04 10:05:55,183 INFO [paris_sender] (377/1511) Default -> joanmg2@netscape.com | From: admin@hcgate.com | Subject: RE: Transaction Notification - Payment Details Enclosed | Attachment: None
2026-03-04 10:05:55,199 INFO [paris_sender] (378/1511) Default -> joanne.brinkley@cs.com | From: admin@hcgate.com | Subject: RE: Transaction Notification - Payment Details Enclosed | Attachment: None
2026-03-04 10:05:55,203 INFO [paris_sender] (380/1511) Default -> joannahoward@netscape.net | From: admin@hcgate.com | Subject: RE: Transaction Notification - Payment Details Enclosed | Attachment: None
2026-03-04 10:05:55,222 INFO [paris_sender] (379/1511) Default -> joann.branch@netscape.net | From: admin@hcgate.com | Subject: RE: Transaction Notification - Payment Details Enclosed | Attachment: None
2026-03-04 10:05:55,222 INFO [paris_sender] (381/1511) Default -> joannathomas@gte.net | From: admin@hcgate.com | Subject: RE: Transaction Notification - Payment Details Enclosed | Attachment: None
2026-03-04 10:05:55,222 INFO [paris_sender] (382/1511) Default -> joanl54@cs.com | From: admin@hcgate.com | Subject: RE: Transaction Notification - Payment Details Enclosed | Attachment: None
2026-03-04 10:05:56,062 INFO [paris_sender] (383/1511) Default -> joanmedelman@wmconnect.com | From: admin@hcgate.com | Subject: RE: Transaction Notification - Payment Details Enclosed | Attachment: None
2026-03-04 10:05:56,081 INFO [paris_sender] (384/1511) Default -> joanal@netscape.net | From: admin@hcgate.com | Subject: RE: Transaction Notification - Payment Details Enclosed | Attachment: None
2026-03-04 10:05:56,081 INFO [paris_sender] (386/1511) Default -> joannbobp25020@cs.com | From: admin@hcgate.com | Subject: RE: Transaction Notification - Payment Details Enclosed | Attachment: None
2026-03-04 10:05:56,121 INFO [paris_sender] (389/1511) Default -> joann4jackson@wmconnect.com | From: admin@hcgate.com | Subject: RE: Transaction Notification - Payment Details Enclosed | Attachment: None
2026-03-04 10:05:56,121 INFO [paris_sender] (387/1511) Default -> joannamichonska@wmconnect.com | From: admin@hcgate.com | Subject: RE: Transaction Notification - Payment Details Enclosed | Attachment: None
2026-03-04 10:05:56,121 INFO [paris_sender] (390/1511) Default -> joann.vega@compuserve.com | From: admin@hcgate.com | Subject: RE: Transaction Notification - Payment Details Enclosed | Attachment: None
2026-03-04 10:05:56,121 INFO [paris_sender] (385/1511) Default -> joanne.scott@netscape.net | From: admin@hcgate.com | Subject: RE: Transaction Notification - Payment Details Enclosed | Attachment: None
2026-03-04 10:05:56,121 INFO [paris_sender] (388/1511) Default -> joanmccreary@aim.com | From: admin@hcgate.com | Subject: RE: Transaction Notification - Payment Details Enclosed | Attachment: None
2026-03-04 10:05:56,166 INFO [paris_sender] (391/1511) Default -> joan_goode@compuserve.com | From: admin@hcgate.com | Subject: RE: Transaction Notification - Payment Details Enclosed | Attachment: None
2026-03-04 10:05:56,198 INFO [paris_sender] (392/1511) Default -> joanet5888@bellatlantic.net | From: admin@hcgate.com | Subject: RE: Transaction Notification - Payment Details Enclosed | Attachment: None
2026-03-04 10:05:56,953 INFO [paris_sender] (393/1511) Default -> joanlorenzen@cs.com | From: admin@hcgate.com | Subject: RE: Transaction Notification - Payment Details Enclosed | Attachment: None
2026-03-04 10:05:56,968 INFO [paris_sender] (394/1511) Default -> joanna.losey@netscape.net | From: admin@hcgate.com | Subject: RE: Transaction Notification - Payment Details Enclosed | Attachment: None
2026-03-04 10:05:56,977 INFO [paris_sender] (395/1511) Default -> joanne.pratt@cs.com | From: admin@hcgate.com | Subject: RE: Transaction Notification - Payment Details Enclosed | Attachment: None
2026-03-04 10:05:56,984 INFO [paris_sender] (396/1511) Default -> joann.mckay@cs.com | From: admin@hcgate.com | Subject: RE: Transaction Notification - Payment Details Enclosed | Attachment: None
2026-03-04 10:05:56,996 INFO [paris_sender] (397/1511) Default -> joannastafford@netscape.net | From: admin@hcgate.com | Subject: RE: Transaction Notification - Payment Details Enclosed | Attachment: None
2026-03-04 10:05:56,996 INFO [paris_sender] (398/1511) Default -> joanna.novoa@aim.com | From: admin@hcgate.com | Subject: RE: Transaction Notification - Payment Details Enclosed | Attachment: None
2026-03-04 10:05:57,000 INFO [paris_sender] (399/1511) Default -> joann24u@netscape.com | From: admin@hcgate.com | Subject: RE: Transaction Notification - Payment Details Enclosed | Attachment: None
2026-03-04 10:05:57,016 INFO [paris_sender] (400/1511) Default -> joannaa@wmconnect.com | From: admin@hcgate.com | Subject: RE: Transaction Notification - Payment Details Enclosed | Attachment: None
2026-03-04 10:05:57,050 INFO [paris_sender] (402/1511) Default -> joanmichelbach@netscape.net | From: admin@hcgate.com | Subject: RE: Transaction Notification - Payment Details Enclosed | Attachment: None
2026-03-04 10:05:57,050 INFO [paris_sender] (401/1511) Default -> joanne.robinson@gte.net | From: admin@hcgate.com | Subject: RE: Transaction Notification - Payment Details Enclosed | Attachment: None
2026-03-04 10:05:57,913 INFO [paris_sender] (403/1511) Default -> joangehring@netscape.net | From: admin@hcgate.com | Subject: RE: Transaction Notification - Payment Details Enclosed | Attachment: None
2026-03-04 10:05:57,930 INFO [paris_sender] (405/1511) Default -> joanlos@compuserve.com | From: admin@hcgate.com | Subject: RE: Transaction Notification - Payment Details Enclosed | Attachment: None
2026-03-04 10:05:57,930 INFO [paris_sender] (404/1511) Default -> joanna621_2000@bellatlantic.net | From: admin@hcgate.com | Subject: RE: Transaction Notification - Payment Details Enclosed | Attachment: None
2026-03-04 10:05:57,940 INFO [paris_sender] (406/1511) Default -> joann.lynch@netscape.net | From: admin@hcgate.com | Subject: RE: Transaction Notification - Payment Details Enclosed | Attachment: None
2026-03-04 10:05:57,962 INFO [paris_sender] (408/1511) Default -> joanndestler@wmconnect.com | From: admin@hcgate.com | Subject: RE: Transaction Notification - Payment Details Enclosed | Attachment: None
2026-03-04 10:05:57,962 INFO [paris_sender] (407/1511) Default -> joannajury@cs.com | From: admin@hcgate.com | Subject: RE: Transaction Notification - Payment Details Enclosed | Attachment: None
2026-03-04 10:05:57,962 INFO [paris_sender] (409/1511) Default -> joanhobble@netscape.net | From: admin@hcgate.com | Subject: RE: Transaction Notification - Payment Details Enclosed | Attachment: None
2026-03-04 10:05:57,962 INFO [paris_sender] (410/1511) Default -> joannah@gte.net | From: admin@hcgate.com | Subject: RE: Transaction Notification - Payment Details Enclosed | Attachment: None
2026-03-04 10:05:57,962 INFO [paris_sender] (411/1511) Default -> joanne.kidder@netscape.net | From: admin@hcgate.com | Subject: RE: Transaction Notification - Payment Details Enclosed | Attachment: None
2026-03-04 10:05:57,980 INFO [paris_sender] (412/1511) Default -> joanne.schill@cs.com | From: admin@hcgate.com | Subject: RE: Transaction Notification - Payment Details Enclosed | Attachment: None
2026-03-04 10:05:58,859 INFO [paris_sender] (413/1511) Default -> joanne.davidson@netscape.net | From: admin@hcgate.com | Subject: RE: Transaction Notification - Payment Details Enclosed | Attachment: None
2026-03-04 10:05:58,877 INFO [paris_sender] (414/1511) Default -> joanmana@netscape.net | From: admin@hcgate.com | Subject: RE: Transaction Notification - Payment Details Enclosed | Attachment: None
2026-03-04 10:05:58,877 INFO [paris_sender] (415/1511) Default -> joanne13500@netscape.net | From: admin@hcgate.com | Subject: RE: Transaction Notification - Payment Details Enclosed | Attachment: None
2026-03-04 10:05:58,893 INFO [paris_sender] (416/1511) Default -> joanlang@netscape.net | From: admin@hcgate.com | Subject: RE: Transaction Notification - Payment Details Enclosed | Attachment: None
2026-03-04 10:05:58,893 INFO [paris_sender] (417/1511) Default -> joann.baxter@gte.net | From: admin@hcgate.com | Subject: RE: Transaction Notification - Payment Details Enclosed | Attachment: None
2026-03-04 10:05:58,893 INFO [paris_sender] (418/1511) Default -> joanhdgs@netscape.net | From: admin@hcgate.com | Subject: RE: Transaction Notification - Payment Details Enclosed | Attachment: None
2026-03-04 10:05:58,893 INFO [paris_sender] (419/1511) Default -> joana_edward@netscape.net | From: admin@hcgate.com | Subject: RE: Transaction Notification - Payment Details Enclosed | Attachment: None
2026-03-04 10:05:58,914 INFO [paris_sender] (420/1511) Default -> joanna.rooney@cs.com | From: admin@hcgate.com | Subject: RE: Transaction Notification - Payment Details Enclosed | Attachment: None
2026-03-04 10:05:58,942 INFO [paris_sender] (421/1511) Default -> joanna167@cs.com | From: admin@hcgate.com | Subject: RE: Transaction Notification - Payment Details Enclosed | Attachment: None
2026-03-04 10:05:58,963 INFO [paris_sender] (422/1511) Default -> joann56@cs.com | From: admin@hcgate.com | Subject: RE: Transaction Notification - Payment Details Enclosed | Attachment: None
2026-03-04 10:05:59,797 INFO [paris_sender] (423/1511) Default -> joanne.michaels@cs.com | From: admin@hcgate.com | Subject: RE: Transaction Notification - Payment Details Enclosed | Attachment: None
2026-03-04 10:05:59,797 INFO [paris_sender] (424/1511) Default -> joanne.eighmy@cs.com | From: admin@hcgate.com | Subject: RE: Transaction Notification - Payment Details Enclosed | Attachment: None
2026-03-04 10:05:59,797 INFO [paris_sender] (425/1511) Default -> joandjer2@cs.com | From: admin@hcgate.com | Subject: RE: Transaction Notification - Payment Details Enclosed | Attachment: None
2026-03-04 10:05:59,797 INFO [paris_sender] (426/1511) Default -> joanmmax@cs.com | From: admin@hcgate.com | Subject: RE: Transaction Notification - Payment Details Enclosed | Attachment: None
2026-03-04 10:05:59,938 INFO [paris_sender] (428/1511) Default -> joanne.faulk@netscape.net | From: admin@hcgate.com | Subject: RE: Transaction Notification - Payment Details Enclosed | Attachment: None
2026-03-04 10:05:59,938 INFO [paris_sender] (427/1511) Default -> joanmastronardi@netscape.net | From: admin@hcgate.com | Subject: RE: Transaction Notification - Payment Details Enclosed | Attachment: None
2026-03-04 10:05:59,938 INFO [paris_sender] (430/1511) Default -> joananthony@gte.net | From: admin@hcgate.com | Subject: RE: Transaction Notification - Payment Details Enclosed | Attachment: None
2026-03-04 10:05:59,938 INFO [paris_sender] (429/1511) Default -> joana43@gte.net | From: admin@hcgate.com | Subject: RE: Transaction Notification - Payment Details Enclosed | Attachment: None
2026-03-04 10:05:59,938 INFO [paris_sender] (432/1511) Default -> joandixon@gte.net | From: admin@hcgate.com | Subject: RE: Transaction Notification - Payment Details Enclosed | Attachment: None
2026-03-04 10:05:59,938 INFO [paris_sender] (431/1511) Default -> joannalarsen@netscape.net | From: admin@hcgate.com | Subject: RE: Transaction Notification - Payment Details Enclosed | Attachment: None
2026-03-04 10:06:00,808 INFO [paris_sender] (438/1511) Default -> joanne.clement@netscape.net | From: admin@hcgate.com | Subject: RE: Transaction Notification - Payment Details Enclosed | Attachment: None
2026-03-04 10:06:00,808 INFO [paris_sender] (433/1511) Default -> joanfry@cs.com | From: admin@hcgate.com | Subject: RE: Transaction Notification - Payment Details Enclosed | Attachment: None
2026-03-04 10:06:00,808 INFO [paris_sender] (434/1511) Default -> joannc1201@netscape.net | From: admin@hcgate.com | Subject: RE: Transaction Notification - Payment Details Enclosed | Attachment: None
2026-03-04 10:06:00,808 INFO [paris_sender] (436/1511) Default -> joannaradmall@netscape.net | From: admin@hcgate.com | Subject: RE: Transaction Notification - Payment Details Enclosed | Attachment: None
2026-03-04 10:06:00,843 INFO [paris_sender] (442/1511) Default -> joanaedith@cs.com | From: admin@hcgate.com | Subject: RE: Transaction Notification - Payment Details Enclosed | Attachment: None
2026-03-04 10:06:00,843 INFO [paris_sender] (437/1511) Default -> joannafreitas@cs.com | From: admin@hcgate.com | Subject: RE: Transaction Notification - Payment Details Enclosed | Attachment: None
2026-03-04 10:06:00,843 INFO [paris_sender] (435/1511) Default -> joann.pugh@wmconnect.com | From: admin@hcgate.com | Subject: RE: Transaction Notification - Payment Details Enclosed | Attachment: None
2026-03-04 10:06:00,843 INFO [paris_sender] (439/1511) Default -> joanhill@wmconnect.com | From: admin@hcgate.com | Subject: RE: Transaction Notification - Payment Details Enclosed | Attachment: None
2026-03-04 10:06:00,843 INFO [paris_sender] (440/1511) Default -> joangirl@cs.com | From: admin@hcgate.com | Subject: RE: Transaction Notification - Payment Details Enclosed | Attachment: None
2026-03-04 10:06:00,843 INFO [paris_sender] (441/1511) Default -> joanherding@netscape.net | From: admin@hcgate.com | Subject: RE: Transaction Notification - Payment Details Enclosed | Attachment: None
2026-03-04 10:06:01,840 INFO [paris_sender] (443/1511) Default -> joanafowler@cs.com | From: admin@hcgate.com | Subject: RE: Transaction Notification - Payment Details Enclosed | Attachment: None
2026-03-04 10:06:01,968 INFO [paris_sender] (447/1511) Default -> joanmahoneymurcko@netscape.net | From: admin@hcgate.com | Subject: RE: Transaction Notification - Payment Details Enclosed | Attachment: None
2026-03-04 10:06:01,968 INFO [paris_sender] (449/1511) Default -> joanfutrelle@netscape.net | From: admin@hcgate.com | Subject: RE: Transaction Notification - Payment Details Enclosed | Attachment: None
2026-03-04 10:06:01,968 INFO [paris_sender] (444/1511) Default -> joannar67@cs.com | From: admin@hcgate.com | Subject: RE: Transaction Notification - Payment Details Enclosed | Attachment: None
2026-03-04 10:06:01,968 INFO [paris_sender] (446/1511) Default -> joannashen@cs.com | From: admin@hcgate.com | Subject: RE: Transaction Notification - Payment Details Enclosed | Attachment: None
2026-03-04 10:06:01,968 INFO [paris_sender] (448/1511) Default -> joankelly@gte.net | From: admin@hcgate.com | Subject: RE: Transaction Notification - Payment Details Enclosed | Attachment: None
2026-03-04 10:06:01,968 INFO [paris_sender] (451/1511) Default -> joaneason@wmconnect.com | From: admin@hcgate.com | Subject: RE: Transaction Notification - Payment Details Enclosed | Attachment: None
2026-03-04 10:06:01,968 INFO [paris_sender] (452/1511) Default -> joanna0339@cs.com | From: admin@hcgate.com | Subject: RE: Transaction Notification - Payment Details Enclosed | Attachment: None
2026-03-04 10:06:01,984 INFO [paris_sender] (450/1511) Default -> joanmit41@cs.com | From: admin@hcgate.com | Subject: RE: Transaction Notification - Payment Details Enclosed | Attachment: None
2026-03-04 10:06:01,984 INFO [paris_sender] (445/1511) Default -> joanaaronson@cs.com | From: admin@hcgate.com | Subject: RE: Transaction Notification - Payment Details Enclosed | Attachment: None
2026-03-04 10:06:02,562 INFO [paris_sender] (453/1511) Default -> joanne.swain@wmconnect.com | From: admin@hcgate.com | Subject: RE: Transaction Notification - Payment Details Enclosed | Attachment: None
2026-03-04 10:06:02,583 INFO [paris_sender] (458/1511) Default -> joanklein@cs.com | From: admin@hcgate.com | Subject: RE: Transaction Notification - Payment Details Enclosed | Attachment: None
2026-03-04 10:06:02,583 INFO [paris_sender] (457/1511) Default -> joann.lack@cs.com | From: admin@hcgate.com | Subject: RE: Transaction Notification - Payment Details Enclosed | Attachment: None
2026-03-04 10:06:02,583 INFO [paris_sender] (455/1511) Default -> joanne.evans@netscape.net | From: admin@hcgate.com | Subject: RE: Transaction Notification - Payment Details Enclosed | Attachment: None
2026-03-04 10:06:02,583 INFO [paris_sender] (461/1511) Default -> joann0262@netscape.com | From: admin@hcgate.com | Subject: RE: Transaction Notification - Payment Details Enclosed | Attachment: None
2026-03-04 10:06:02,583 INFO [paris_sender] (454/1511) Default -> joanne.sovine@netscape.net | From: admin@hcgate.com | Subject: RE: Transaction Notification - Payment Details Enclosed | Attachment: None
2026-03-04 10:06:02,583 INFO [paris_sender] (459/1511) Default -> joannas@luckymail.com | From: admin@hcgate.com | Subject: RE: Transaction Notification - Payment Details Enclosed | Attachment: None
2026-03-04 10:06:02,583 INFO [paris_sender] (460/1511) Default -> joannanwyrk5@netscape.net | From: admin@hcgate.com | Subject: RE: Transaction Notification - Payment Details Enclosed | Attachment: None
2026-03-04 10:06:02,583 INFO [paris_sender] (456/1511) Default -> joanell2643@gte.net | From: admin@hcgate.com | Subject: RE: Transaction Notification - Payment Details Enclosed | Attachment: None
2026-03-04 10:06:02,583 INFO [paris_sender] (462/1511) Default -> joandrukenbrod@cs.com | From: admin@hcgate.com | Subject: RE: Transaction Notification - Payment Details Enclosed | Attachment: None
2026-03-04 10:06:03,477 INFO [paris_sender] (468/1511) Default -> joanamartinez@cs.com | From: admin@hcgate.com | Subject: RE: Transaction Notification - Payment Details Enclosed | Attachment: None
2026-03-04 10:06:03,487 INFO [paris_sender] (463/1511) Default -> joann.rivera@netscape.net | From: admin@hcgate.com | Subject: RE: Transaction Notification - Payment Details Enclosed | Attachment: None
2026-03-04 10:06:03,487 INFO [paris_sender] (464/1511) Default -> joanferraz@bellatlantic.net | From: admin@hcgate.com | Subject: RE: Transaction Notification - Payment Details Enclosed | Attachment: None
2026-03-04 10:06:03,487 INFO [paris_sender] (472/1511) Default -> joanne.scott@cs.com | From: admin@hcgate.com | Subject: RE: Transaction Notification - Payment Details Enclosed | Attachment: None
2026-03-04 10:06:03,487 INFO [paris_sender] (466/1511) Default -> joann_messina@wmconnect.com | From: admin@hcgate.com | Subject: RE: Transaction Notification - Payment Details Enclosed | Attachment: None
2026-03-04 10:06:03,487 INFO [paris_sender] (465/1511) Default -> joanne.bevan@cs.com | From: admin@hcgate.com | Subject: RE: Transaction Notification - Payment Details Enclosed | Attachment: None
2026-03-04 10:06:03,487 INFO [paris_sender] (469/1511) Default -> joancedotal@cs.com | From: admin@hcgate.com | Subject: RE: Transaction Notification - Payment Details Enclosed | Attachment: None
2026-03-04 10:06:03,487 INFO [paris_sender] (470/1511) Default -> joanellen.tweedell@netscape.net | From: admin@hcgate.com | Subject: RE: Transaction Notification - Payment Details Enclosed | Attachment: None
2026-03-04 10:06:03,487 INFO [paris_sender] (467/1511) Default -> joannafowler@netscape.net | From: admin@hcgate.com | Subject: RE: Transaction Notification - Payment Details Enclosed | Attachment: None
2026-03-04 10:06:03,487 INFO [paris_sender] (471/1511) Default -> joanabranson@netscape.net | From: admin@hcgate.com | Subject: RE: Transaction Notification - Payment Details Enclosed | Attachment: None
2026-03-04 10:06:04,331 INFO [paris_sender] (474/1511) Default -> joanne.shaw@gte.net | From: admin@hcgate.com | Subject: RE: Transaction Notification - Payment Details Enclosed | Attachment: None
2026-03-04 10:06:04,331 INFO [paris_sender] (473/1511) Default -> joanne.harvey@netscape.net | From: admin@hcgate.com | Subject: RE: Transaction Notification - Payment Details Enclosed | Attachment: None
2026-03-04 10:06:04,338 INFO [paris_sender] (479/1511) Default -> joanmaglio@netscape.net | From: admin@hcgate.com | Subject: RE: Transaction Notification - Payment Details Enclosed | Attachment: None
2026-03-04 10:06:04,338 INFO [paris_sender] (476/1511) Default -> joanhahn@cs.com | From: admin@hcgate.com | Subject: RE: Transaction Notification - Payment Details Enclosed | Attachment: None
2026-03-04 10:06:04,338 INFO [paris_sender] (477/1511) Default -> joanna.stewart@cs.com | From: admin@hcgate.com | Subject: RE: Transaction Notification - Payment Details Enclosed | Attachment: None
2026-03-04 10:06:04,338 INFO [paris_sender] (482/1511) Default -> joanne.lewis@cs.com | From: admin@hcgate.com | Subject: RE: Transaction Notification - Payment Details Enclosed | Attachment: None
2026-03-04 10:06:04,338 INFO [paris_sender] (480/1511) Default -> joanne.roberts@netscape.net | From: admin@hcgate.com | Subject: RE: Transaction Notification - Payment Details Enclosed | Attachment: None
2026-03-04 10:06:04,338 INFO [paris_sender] (475/1511) Default -> joanne.chambers@cs.com | From: admin@hcgate.com | Subject: RE: Transaction Notification - Payment Details Enclosed | Attachment: None
2026-03-04 10:06:04,338 INFO [paris_sender] (478/1511) Default -> joanna_youngblood@wmconnect.com | From: admin@hcgate.com | Subject: RE: Transaction Notification - Payment Details Enclosed | Attachment: None
2026-03-04 10:06:04,338 INFO [paris_sender] (481/1511) Default -> joanfelter@cs.com | From: admin@hcgate.com | Subject: RE: Transaction Notification - Payment Details Enclosed | Attachment: None
2026-03-04 10:06:05,082 INFO [paris_sender] (483/1511) Default -> joani@gte.net | From: admin@hcgate.com | Subject: RE: Transaction Notification - Payment Details Enclosed | Attachment: None
2026-03-04 10:06:05,091 INFO [paris_sender] (484/1511) Default -> joanne.schaub@cs.com | From: admin@hcgate.com | Subject: RE: Transaction Notification - Payment Details Enclosed | Attachment: None
2026-03-04 10:06:05,107 INFO [paris_sender] (485/1511) Default -> joancoleman@netscape.net | From: admin@hcgate.com | Subject: RE: Transaction Notification - Payment Details Enclosed | Attachment: None
2026-03-04 10:06:05,107 INFO [paris_sender] (486/1511) Default -> joanne.mayne@compuserve.com | From: admin@hcgate.com | Subject: RE: Transaction Notification - Payment Details Enclosed | Attachment: None
2026-03-04 10:06:05,140 INFO [paris_sender] (489/1511) Default -> joanna.marrero@cs.com | From: admin@hcgate.com | Subject: RE: Transaction Notification - Payment Details Enclosed | Attachment: None
2026-03-04 10:06:05,155 INFO [paris_sender] (487/1511) Default -> joanna.gomes@gte.net | From: admin@hcgate.com | Subject: RE: Transaction Notification - Payment Details Enclosed | Attachment: None
2026-03-04 10:06:05,155 INFO [paris_sender] (488/1511) Default -> joanne.feeney@netscape.net | From: admin@hcgate.com | Subject: RE: Transaction Notification - Payment Details Enclosed | Attachment: None
2026-03-04 10:06:05,171 INFO [paris_sender] (490/1511) Default -> joanboltz@netscape.net | From: admin@hcgate.com | Subject: RE: Transaction Notification - Payment Details Enclosed | Attachment: None
2026-03-04 10:06:05,171 INFO [paris_sender] (491/1511) Default -> joann_oscar@compuserve.com | From: admin@hcgate.com | Subject: RE: Transaction Notification - Payment Details Enclosed | Attachment: None
2026-03-04 10:06:05,171 INFO [paris_sender] (492/1511) Default -> joanne.valencia@bellatlantic.net | From: admin@hcgate.com | Subject: RE: Transaction Notification - Payment Details Enclosed | Attachment: None
2026-03-04 10:06:06,057 INFO [paris_sender] (493/1511) Default -> joanne.vasquez@netscape.com | From: admin@hcgate.com | Subject: RE: Transaction Notification - Payment Details Enclosed | Attachment: None
2026-03-04 10:06:06,057 INFO [paris_sender] (499/1511) Default -> joanne.rauscher@cs.com | From: admin@hcgate.com | Subject: RE: Transaction Notification - Payment Details Enclosed | Attachment: None
2026-03-04 10:06:06,057 INFO [paris_sender] (501/1511) Default -> joanna.yarbrough@netscape.net | From: admin@hcgate.com | Subject: RE: Transaction Notification - Payment Details Enclosed | Attachment: None
2026-03-04 10:06:06,057 INFO [paris_sender] (496/1511) Default -> joancouvillon@cs.com | From: admin@hcgate.com | Subject: RE: Transaction Notification - Payment Details Enclosed | Attachment: None
2026-03-04 10:06:06,057 INFO [paris_sender] (500/1511) Default -> joannamalandrenias@bellatlantic.net | From: admin@hcgate.com | Subject: RE: Transaction Notification - Payment Details Enclosed | Attachment: None
2026-03-04 10:06:06,057 INFO [paris_sender] (502/1511) Default -> joan_gil@compuserve.com | From: admin@hcgate.com | Subject: RE: Transaction Notification - Payment Details Enclosed | Attachment: None
2026-03-04 10:06:06,057 INFO [paris_sender] (498/1511) Default -> joanjohannes@gte.net | From: admin@hcgate.com | Subject: RE: Transaction Notification - Payment Details Enclosed | Attachment: None
2026-03-04 10:06:06,057 INFO [paris_sender] (495/1511) Default -> joanndale@wmconnect.com | From: admin@hcgate.com | Subject: RE: Transaction Notification - Payment Details Enclosed | Attachment: None
2026-03-04 10:06:06,057 INFO [paris_sender] (494/1511) Default -> joanefird@cs.com | From: admin@hcgate.com | Subject: RE: Transaction Notification - Payment Details Enclosed | Attachment: None
2026-03-04 10:06:06,057 INFO [paris_sender] (497/1511) Default -> joanna91192@aim.com | From: admin@hcgate.com | Subject: RE: Transaction Notification - Payment Details Enclosed | Attachment: None
2026-03-04 10:06:07,467 INFO [paris_sender] (503/1511) Default -> joann_jeffries@netscape.net | From: admin@hcgate.com | Subject: RE: Transaction Notification - Payment Details Enclosed | Attachment: None
2026-03-04 10:06:07,467 INFO [paris_sender] (504/1511) Default -> joanne.thompson@netscape.net | From: admin@hcgate.com | Subject: RE: Transaction Notification - Payment Details Enclosed | Attachment: None
2026-03-04 10:06:07,499 INFO [paris_sender] (505/1511) Default -> joanna.pederson@wmconnect.com | From: admin@hcgate.com | Subject: RE: Transaction Notification - Payment Details Enclosed | Attachment: None
2026-03-04 10:06:07,515 INFO [paris_sender] (508/1511) Default -> joanalockhart@netscape.net | From: admin@hcgate.com | Subject: RE: Transaction Notification - Payment Details Enclosed | Attachment: None
2026-03-04 10:06:07,515 INFO [paris_sender] (509/1511) Default -> joanne.phelps@netscape.net | From: admin@hcgate.com | Subject: RE: Transaction Notification - Payment Details Enclosed | Attachment: None
2026-03-04 10:06:07,545 INFO [paris_sender] (512/1511) Default -> joann_nana@cs.com | From: admin@hcgate.com | Subject: RE: Transaction Notification - Payment Details Enclosed | Attachment: None
2026-03-04 10:06:07,545 INFO [paris_sender] (506/1511) Default -> joanlafondkursch@cs.com | From: admin@hcgate.com | Subject: RE: Transaction Notification - Payment Details Enclosed | Attachment: None
2026-03-04 10:06:07,545 INFO [paris_sender] (511/1511) Default -> joannajo@cs.com | From: admin@hcgate.com | Subject: RE: Transaction Notification - Payment Details Enclosed | Attachment: None
2026-03-04 10:06:07,545 INFO [paris_sender] (507/1511) Default -> joanne.m.brault@cs.com | From: admin@hcgate.com | Subject: RE: Transaction Notification - Payment Details Enclosed | Attachment: None
2026-03-04 10:06:07,545 INFO [paris_sender] (510/1511) Default -> joanne.johnson8@netscape.net | From: admin@hcgate.com | Subject: RE: Transaction Notification - Payment Details Enclosed | Attachment: None
2026-03-04 10:06:07,950 INFO [paris_sender] (513/1511) Default -> joanberwick@gte.net | From: admin@hcgate.com | Subject: RE: Transaction Notification - Payment Details Enclosed | Attachment: None
2026-03-04 10:06:07,950 INFO [paris_sender] (514/1511) Default -> joann_lisa@gte.net | From: admin@hcgate.com | Subject: RE: Transaction Notification - Payment Details Enclosed | Attachment: None
2026-03-04 10:06:07,984 INFO [paris_sender] (515/1511) Default -> joanflake@netscape.net | From: admin@hcgate.com | Subject: RE: Transaction Notification - Payment Details Enclosed | Attachment: None
2026-03-04 10:06:08,811 INFO [paris_sender] (520/1511) Default -> joandotchin@wmconnect.com | From: admin@hcgate.com | Subject: RE: Transaction Notification - Payment Details Enclosed | Attachment: None
2026-03-04 10:06:08,811 INFO [paris_sender] (517/1511) Default -> joann.barbatomills@netscape.net | From: admin@hcgate.com | Subject: RE: Transaction Notification - Payment Details Enclosed | Attachment: None
2026-03-04 10:06:08,833 INFO [paris_sender] (516/1511) Default -> joannb1@netscape.net | From: admin@hcgate.com | Subject: RE: Transaction Notification - Payment Details Enclosed | Attachment: None
2026-03-04 10:06:08,833 INFO [paris_sender] (518/1511) Default -> joanadams@cs.com | From: admin@hcgate.com | Subject: RE: Transaction Notification - Payment Details Enclosed | Attachment: None
2026-03-04 10:06:08,833 INFO [paris_sender] (522/1511) Default -> joanne.puleo@cs.com | From: admin@hcgate.com | Subject: RE: Transaction Notification - Payment Details Enclosed | Attachment: None
2026-03-04 10:06:08,833 INFO [paris_sender] (525/1511) Default -> joanbubnick@cs.com | From: admin@hcgate.com | Subject: RE: Transaction Notification - Payment Details Enclosed | Attachment: None
2026-03-04 10:06:08,833 INFO [paris_sender] (519/1511) Default -> joann071248@gte.net | From: admin@hcgate.com | Subject: RE: Transaction Notification - Payment Details Enclosed | Attachment: None
2026-03-04 10:06:08,833 INFO [paris_sender] (523/1511) Default -> joanmelvin@cs.com | From: admin@hcgate.com | Subject: RE: Transaction Notification - Payment Details Enclosed | Attachment: None
2026-03-04 10:06:08,833 INFO [paris_sender] (521/1511) Default -> joanmason@netscape.net | From: admin@hcgate.com | Subject: RE: Transaction Notification - Payment Details Enclosed | Attachment: None
2026-03-04 10:06:08,833 INFO [paris_sender] (524/1511) Default -> joanne.cornell@wmconnect.com | From: admin@hcgate.com | Subject: RE: Transaction Notification - Payment Details Enclosed | Attachment: None
2026-03-04 10:06:09,441 INFO [paris_sender] (531/1511) Default -> joanmercer@wmconnect.com | From: admin@hcgate.com | Subject: RE: Transaction Notification - Payment Details Enclosed | Attachment: None
2026-03-04 10:06:09,441 INFO [paris_sender] (526/1511) Default -> joannahelms@netscape.com | From: admin@hcgate.com | Subject: RE: Transaction Notification - Payment Details Enclosed | Attachment: None
2026-03-04 10:06:09,453 INFO [paris_sender] (532/1511) Default -> joandahl@netscape.net | From: admin@hcgate.com | Subject: RE: Transaction Notification - Payment Details Enclosed | Attachment: None
2026-03-04 10:06:09,453 INFO [paris_sender] (529/1511) Default -> joangraff@netscape.net | From: admin@hcgate.com | Subject: RE: Transaction Notification - Payment Details Enclosed | Attachment: None
2026-03-04 10:06:09,453 INFO [paris_sender] (528/1511) Default -> joannawalsh@bellatlantic.net | From: admin@hcgate.com | Subject: RE: Transaction Notification - Payment Details Enclosed | Attachment: None
2026-03-04 10:06:09,453 INFO [paris_sender] (527/1511) Default -> joannaguerrero@bellatlantic.net | From: admin@hcgate.com | Subject: RE: Transaction Notification - Payment Details Enclosed | Attachment: None
2026-03-04 10:06:09,453 INFO [paris_sender] (533/1511) Default -> joanmtharp@cs.com | From: admin@hcgate.com | Subject: RE: Transaction Notification - Payment Details Enclosed | Attachment: None
2026-03-04 10:06:09,453 INFO [paris_sender] (530/1511) Default -> joann.hoy@netscape.net | From: admin@hcgate.com | Subject: RE: Transaction Notification - Payment Details Enclosed | Attachment: None
2026-03-04 10:06:09,453 INFO [paris_sender] (535/1511) Default -> joanna7@wild4music.com | From: admin@hcgate.com | Subject: RE: Transaction Notification - Payment Details Enclosed | Attachment: None
2026-03-04 10:06:09,453 INFO [paris_sender] (534/1511) Default -> joanholliday@cs.com | From: admin@hcgate.com | Subject: RE: Transaction Notification - Payment Details Enclosed | Attachment: None
2026-03-04 10:06:10,029 INFO [paris_sender] (536/1511) Default -> joanmagin@netscape.net | From: admin@hcgate.com | Subject: RE: Transaction Notification - Payment Details Enclosed | Attachment: None
2026-03-04 10:06:10,029 INFO [paris_sender] (540/1511) Default -> joannawilkinson@aim.com | From: admin@hcgate.com | Subject: RE: Transaction Notification - Payment Details Enclosed | Attachment: None
2026-03-04 10:06:10,029 INFO [paris_sender] (539/1511) Default -> joanne.clark@aim.com | From: admin@hcgate.com | Subject: RE: Transaction Notification - Payment Details Enclosed | Attachment: None
2026-03-04 10:06:10,029 INFO [paris_sender] (538/1511) Default -> joann.bruner@cs.com | From: admin@hcgate.com | Subject: RE: Transaction Notification - Payment Details Enclosed | Attachment: None
2026-03-04 10:06:10,029 INFO [paris_sender] (537/1511) Default -> joanncoakley@netscape.net | From: admin@hcgate.com | Subject: RE: Transaction Notification - Payment Details Enclosed | Attachment: None
2026-03-04 10:06:10,064 INFO [paris_sender] (541/1511) Default -> joanna.etienne@netscape.net | From: admin@hcgate.com | Subject: RE: Transaction Notification - Payment Details Enclosed | Attachment: None
2026-03-04 10:06:10,064 INFO [paris_sender] (542/1511) Default -> joanhuestis@netscape.net | From: admin@hcgate.com | Subject: RE: Transaction Notification - Payment Details Enclosed | Attachment: None
2026-03-04 10:06:10,083 INFO [paris_sender] (545/1511) Default -> joanmueller@cs.com | From: admin@hcgate.com | Subject: RE: Transaction Notification - Payment Details Enclosed | Attachment: None
2026-03-04 10:06:10,083 INFO [paris_sender] (543/1511) Default -> joanita2@wmconnect.com | From: admin@hcgate.com | Subject: RE: Transaction Notification - Payment Details Enclosed | Attachment: None
2026-03-04 10:06:10,083 INFO [paris_sender] (544/1511) Default -> joanalbert@cs.com | From: admin@hcgate.com | Subject: RE: Transaction Notification - Payment Details Enclosed | Attachment: None
2026-03-04 10:06:10,996 INFO [paris_sender] (546/1511) Default -> joanne.kohls@cs.com | From: admin@hcgate.com | Subject: RE: Transaction Notification - Payment Details Enclosed | Attachment: None
2026-03-04 10:06:11,015 INFO [paris_sender] (549/1511) Default -> joana51@cs.com | From: admin@hcgate.com | Subject: RE: Transaction Notification - Payment Details Enclosed | Attachment: None
2026-03-04 10:06:11,015 INFO [paris_sender] (547/1511) Default -> joanhutton@netscape.net | From: admin@hcgate.com | Subject: RE: Transaction Notification - Payment Details Enclosed | Attachment: None
2026-03-04 10:06:11,015 INFO [paris_sender] (548/1511) Default -> joanne.peck@netscape.net | From: admin@hcgate.com | Subject: RE: Transaction Notification - Payment Details Enclosed | Attachment: None
2026-03-04 10:06:11,015 INFO [paris_sender] (550/1511) Default -> joanne.hart@cs.com | From: admin@hcgate.com | Subject: RE: Transaction Notification - Payment Details Enclosed | Attachment: None
2026-03-04 10:06:11,015 INFO [paris_sender] (551/1511) Default -> joanne.schroeder@cs.com | From: admin@hcgate.com | Subject: RE: Transaction Notification - Payment Details Enclosed | Attachment: None
2026-03-04 10:06:11,015 INFO [paris_sender] (555/1511) Default -> joannbivins@netscape.net | From: admin@hcgate.com | Subject: RE: Transaction Notification - Payment Details Enclosed | Attachment: None
2026-03-04 10:06:11,015 INFO [paris_sender] (552/1511) Default -> joanne.cantrell@cs.com | From: admin@hcgate.com | Subject: RE: Transaction Notification - Payment Details Enclosed | Attachment: None
2026-03-04 10:06:11,015 INFO [paris_sender] (553/1511) Default -> joannabirdsall@netscape.net | From: admin@hcgate.com | Subject: RE: Transaction Notification - Payment Details Enclosed | Attachment: None
2026-03-04 10:06:11,015 INFO [paris_sender] (554/1511) Default -> joannberger@cs.com | From: admin@hcgate.com | Subject: RE: Transaction Notification - Payment Details Enclosed | Attachment: None
2026-03-04 10:06:11,804 INFO [paris_sender] (556/1511) Default -> joanne.cook2@gte.net | From: admin@hcgate.com | Subject: RE: Transaction Notification - Payment Details Enclosed | Attachment: None
2026-03-04 10:06:11,846 INFO [paris_sender] (558/1511) Default -> joanne.reid@gte.net | From: admin@hcgate.com | Subject: RE: Transaction Notification - Payment Details Enclosed | Attachment: None
2026-03-04 10:06:11,846 INFO [paris_sender] (560/1511) Default -> joannaolbrys@netscape.net | From: admin@hcgate.com | Subject: RE: Transaction Notification - Payment Details Enclosed | Attachment: None
2026-03-04 10:06:11,846 INFO [paris_sender] (564/1511) Default -> joann.fugate@netscape.net | From: admin@hcgate.com | Subject: RE: Transaction Notification - Payment Details Enclosed | Attachment: None
2026-03-04 10:06:11,846 INFO [paris_sender] (562/1511) Default -> joanelbert@cs.com | From: admin@hcgate.com | Subject: RE: Transaction Notification - Payment Details Enclosed | Attachment: None
2026-03-04 10:06:11,846 INFO [paris_sender] (565/1511) Default -> joanie.cain@wmconnect.com | From: admin@hcgate.com | Subject: RE: Transaction Notification - Payment Details Enclosed | Attachment: None
2026-03-04 10:06:11,859 INFO [paris_sender] (563/1511) Default -> joanne.mcconnell@cs.com | From: admin@hcgate.com | Subject: RE: Transaction Notification - Payment Details Enclosed | Attachment: None
2026-03-04 10:06:11,859 INFO [paris_sender] (557/1511) Default -> joandansby@netscape.net | From: admin@hcgate.com | Subject: RE: Transaction Notification - Payment Details Enclosed | Attachment: None
2026-03-04 10:06:11,859 INFO [paris_sender] (559/1511) Default -> joanmajcher@netscape.net | From: admin@hcgate.com | Subject: RE: Transaction Notification - Payment Details Enclosed | Attachment: None
2026-03-04 10:06:11,859 INFO [paris_sender] (561/1511) Default -> joannapessa@cs.com | From: admin@hcgate.com | Subject: RE: Transaction Notification - Payment Details Enclosed | Attachment: None
2026-03-04 10:06:12,628 INFO [paris_sender] (566/1511) Default -> joanmagid1@netscape.com | From: admin@hcgate.com | Subject: RE: Transaction Notification - Payment Details Enclosed | Attachment: None
2026-03-04 10:06:12,641 INFO [paris_sender] (572/1511) Default -> joanna.shimberg@cs.com | From: admin@hcgate.com | Subject: RE: Transaction Notification - Payment Details Enclosed | Attachment: None
2026-03-04 10:06:12,641 INFO [paris_sender] (573/1511) Default -> joann.duncan@gte.net | From: admin@hcgate.com | Subject: RE: Transaction Notification - Payment Details Enclosed | Attachment: None
2026-03-04 10:06:12,641 INFO [paris_sender] (570/1511) Default -> joanandrews@netscape.net | From: admin@hcgate.com | Subject: RE: Transaction Notification - Payment Details Enclosed | Attachment: None
2026-03-04 10:06:12,641 INFO [paris_sender] (571/1511) Default -> joancolburn@netscape.net | From: admin@hcgate.com | Subject: RE: Transaction Notification - Payment Details Enclosed | Attachment: None
2026-03-04 10:06:12,641 INFO [paris_sender] (569/1511) Default -> joanfrith@compuserve.com | From: admin@hcgate.com | Subject: RE: Transaction Notification - Payment Details Enclosed | Attachment: None
2026-03-04 10:06:12,641 INFO [paris_sender] (568/1511) Default -> joanaharris@netscape.net | From: admin@hcgate.com | Subject: RE: Transaction Notification - Payment Details Enclosed | Attachment: None
2026-03-04 10:06:12,641 INFO [paris_sender] (567/1511) Default -> joanfreer@cs.com | From: admin@hcgate.com | Subject: RE: Transaction Notification - Payment Details Enclosed | Attachment: None
2026-03-04 10:06:12,641 INFO [paris_sender] (574/1511) Default -> joanna.anderson@cs.com | From: admin@hcgate.com | Subject: RE: Transaction Notification - Payment Details Enclosed | Attachment: None
2026-03-04 10:06:12,641 INFO [paris_sender] (575/1511) Default -> joanna.fries@cs.com | From: admin@hcgate.com | Subject: RE: Transaction Notification - Payment Details Enclosed | Attachment: None
2026-03-04 10:06:13,619 INFO [paris_sender] (577/1511) Default -> joanne.dobbins2@gte.net | From: admin@hcgate.com | Subject: RE: Transaction Notification - Payment Details Enclosed | Attachment: None
2026-03-04 10:06:13,630 INFO [paris_sender] (576/1511) Default -> joannajoannak@netscape.net | From: admin@hcgate.com | Subject: RE: Transaction Notification - Payment Details Enclosed | Attachment: None
2026-03-04 10:06:13,630 INFO [paris_sender] (585/1511) Default -> joanbowers@netscape.net | From: admin@hcgate.com | Subject: RE: Transaction Notification - Payment Details Enclosed | Attachment: None
2026-03-04 10:06:13,630 INFO [paris_sender] (578/1511) Default -> joannadowie@cs.com | From: admin@hcgate.com | Subject: RE: Transaction Notification - Payment Details Enclosed | Attachment: None
2026-03-04 10:06:13,630 INFO [paris_sender] (582/1511) Default -> joandavey@netscape.net | From: admin@hcgate.com | Subject: RE: Transaction Notification - Payment Details Enclosed | Attachment: None
2026-03-04 10:06:13,630 INFO [paris_sender] (583/1511) Default -> joanammer@cs.com | From: admin@hcgate.com | Subject: RE: Transaction Notification - Payment Details Enclosed | Attachment: None
2026-03-04 10:06:13,630 INFO [paris_sender] (584/1511) Default -> joannaanelson@cs.com | From: admin@hcgate.com | Subject: RE: Transaction Notification - Payment Details Enclosed | Attachment: None
2026-03-04 10:06:13,630 INFO [paris_sender] (579/1511) Default -> joanne.hoffman@netscape.net | From: admin@hcgate.com | Subject: RE: Transaction Notification - Payment Details Enclosed | Attachment: None
2026-03-04 10:06:13,630 INFO [paris_sender] (580/1511) Default -> joann.arno@wmconnect.com | From: admin@hcgate.com | Subject: RE: Transaction Notification - Payment Details Enclosed | Attachment: None
2026-03-04 10:06:13,630 INFO [paris_sender] (581/1511) Default -> joanmuros@wmconnect.com | From: admin@hcgate.com | Subject: RE: Transaction Notification - Payment Details Enclosed | Attachment: None
2026-03-04 10:06:14,328 INFO [paris_sender] (588/1511) Default -> joanna.jones@gte.net | From: admin@hcgate.com | Subject: RE: Transaction Notification - Payment Details Enclosed | Attachment: None
2026-03-04 10:06:14,342 INFO [paris_sender] (586/1511) Default -> joanne.mcgraw@netscape.net | From: admin@hcgate.com | Subject: RE: Transaction Notification - Payment Details Enclosed | Attachment: None
2026-03-04 10:06:14,359 INFO [paris_sender] (590/1511) Default -> joanbyrd2000@wmconnect.com | From: admin@hcgate.com | Subject: RE: Transaction Notification - Payment Details Enclosed | Attachment: None
2026-03-04 10:06:14,359 INFO [paris_sender] (587/1511) Default -> joanna.shankman@netscape.net | From: admin@hcgate.com | Subject: RE: Transaction Notification - Payment Details Enclosed | Attachment: None
2026-03-04 10:06:14,359 INFO [paris_sender] (593/1511) Default -> joannafoy@gte.net | From: admin@hcgate.com | Subject: RE: Transaction Notification - Payment Details Enclosed | Attachment: None
2026-03-04 10:06:14,374 INFO [paris_sender] (589/1511) Default -> joannaedwards@gte.net | From: admin@hcgate.com | Subject: RE: Transaction Notification - Payment Details Enclosed | Attachment: None
2026-03-04 10:06:14,374 INFO [paris_sender] (595/1511) Default -> joancasterlin@netscape.net | From: admin@hcgate.com | Subject: RE: Transaction Notification - Payment Details Enclosed | Attachment: None
2026-03-04 10:06:14,390 INFO [paris_sender] (591/1511) Default -> joanesloan@cs.com | From: admin@hcgate.com | Subject: RE: Transaction Notification - Payment Details Enclosed | Attachment: None
2026-03-04 10:06:14,390 INFO [paris_sender] (592/1511) Default -> joanfoster@netscape.net | From: admin@hcgate.com | Subject: RE: Transaction Notification - Payment Details Enclosed | Attachment: None
2026-03-04 10:06:14,390 INFO [paris_sender] (594/1511) Default -> joand315@netscape.net | From: admin@hcgate.com | Subject: RE: Transaction Notification - Payment Details Enclosed | Attachment: None
2026-03-04 10:06:15,046 INFO [paris_sender] (596/1511) Default -> joanhammo4@cs.com | From: admin@hcgate.com | Subject: RE: Transaction Notification - Payment Details Enclosed | Attachment: None
2026-03-04 10:06:15,046 INFO [paris_sender] (597/1511) Default -> joangrazda@gte.net | From: admin@hcgate.com | Subject: RE: Transaction Notification - Payment Details Enclosed | Attachment: None
2026-03-04 10:06:15,057 INFO [paris_sender] (598/1511) Default -> joanleesland@netscape.net | From: admin@hcgate.com | Subject: RE: Transaction Notification - Payment Details Enclosed | Attachment: None
2026-03-04 10:06:15,078 INFO [paris_sender] (600/1511) Default -> joangriffin@gte.net | From: admin@hcgate.com | Subject: RE: Transaction Notification - Payment Details Enclosed | Attachment: None
2026-03-04 10:06:15,078 INFO [paris_sender] (599/1511) Default -> joanb806@cs.com | From: admin@hcgate.com | Subject: RE: Transaction Notification - Payment Details Enclosed | Attachment: None
2026-03-04 10:06:15,090 INFO [paris_sender] (602/1511) Default -> joannav@gte.net | From: admin@hcgate.com | Subject: RE: Transaction Notification - Payment Details Enclosed | Attachment: None
2026-03-04 10:06:15,090 INFO [paris_sender] (601/1511) Default -> joancatlin@cs.com | From: admin@hcgate.com | Subject: RE: Transaction Notification - Payment Details Enclosed | Attachment: None
2026-03-04 10:06:15,140 INFO [paris_sender] (603/1511) Default -> joanmaigur@netscape.net | From: admin@hcgate.com | Subject: RE: Transaction Notification - Payment Details Enclosed | Attachment: None
2026-03-04 10:06:15,140 INFO [paris_sender] (604/1511) Default -> joanna.vargas@cs.com | From: admin@hcgate.com | Subject: RE: Transaction Notification - Payment Details Enclosed | Attachment: None
2026-03-04 10:06:15,140 INFO [paris_sender] (605/1511) Default -> joanleo@bellatlantic.net | From: admin@hcgate.com | Subject: RE: Transaction Notification - Payment Details Enclosed | Attachment: None
2026-03-04 10:06:15,993 INFO [paris_sender] (607/1511) Default -> joannalamparelli@cs.com | From: admin@hcgate.com | Subject: RE: Transaction Notification - Payment Details Enclosed | Attachment: None
2026-03-04 10:06:15,993 INFO [paris_sender] (609/1511) Default -> joanmochnoc@cs.com | From: admin@hcgate.com | Subject: RE: Transaction Notification - Payment Details Enclosed | Attachment: None
2026-03-04 10:06:15,993 INFO [paris_sender] (606/1511) Default -> joanalbright@cs.com | From: admin@hcgate.com | Subject: RE: Transaction Notification - Payment Details Enclosed | Attachment: None
2026-03-04 10:06:16,000 INFO [paris_sender] (612/1511) Default -> joanna.klingman@cs.com | From: admin@hcgate.com | Subject: RE: Transaction Notification - Payment Details Enclosed | Attachment: None
2026-03-04 10:06:16,000 INFO [paris_sender] (613/1511) Default -> joanheineman@gte.net | From: admin@hcgate.com | Subject: RE: Transaction Notification - Payment Details Enclosed | Attachment: None
2026-03-04 10:06:16,000 INFO [paris_sender] (611/1511) Default -> joann.arp@wmconnect.com | From: admin@hcgate.com | Subject: RE: Transaction Notification - Payment Details Enclosed | Attachment: None
2026-03-04 10:06:16,000 INFO [paris_sender] (610/1511) Default -> joan_mineau@compuserve.com | From: admin@hcgate.com | Subject: RE: Transaction Notification - Payment Details Enclosed | Attachment: None
2026-03-04 10:06:16,000 INFO [paris_sender] (608/1511) Default -> joangeoghegan@cs.com | From: admin@hcgate.com | Subject: RE: Transaction Notification - Payment Details Enclosed | Attachment: None
2026-03-04 10:06:16,000 INFO [paris_sender] (615/1511) Default -> joanne1212@netscape.com | From: admin@hcgate.com | Subject: RE: Transaction Notification - Payment Details Enclosed | Attachment: None
2026-03-04 10:06:16,000 INFO [paris_sender] (614/1511) Default -> joanne.bluestone@compuserve.com | From: admin@hcgate.com | Subject: RE: Transaction Notification - Payment Details Enclosed | Attachment: None
2026-03-04 10:06:16,834 INFO [paris_sender] (616/1511) Default -> joann.mcguire@netscape.net | From: admin@hcgate.com | Subject: RE: Transaction Notification - Payment Details Enclosed | Attachment: None
2026-03-04 10:06:16,850 INFO [paris_sender] (617/1511) Default -> joanbasilicata@netscape.net | From: admin@hcgate.com | Subject: RE: Transaction Notification - Payment Details Enclosed | Attachment: None
2026-03-04 10:06:16,850 INFO [paris_sender] (618/1511) Default -> joancalabree@netscape.net | From: admin@hcgate.com | Subject: RE: Transaction Notification - Payment Details Enclosed | Attachment: None
2026-03-04 10:06:16,850 INFO [paris_sender] (619/1511) Default -> joankelly@bellatlantic.net | From: admin@hcgate.com | Subject: RE: Transaction Notification - Payment Details Enclosed | Attachment: None
2026-03-04 10:06:16,866 INFO [paris_sender] (620/1511) Default -> joann_b77707@cs.com | From: admin@hcgate.com | Subject: RE: Transaction Notification - Payment Details Enclosed | Attachment: None
2026-03-04 10:06:16,866 INFO [paris_sender] (621/1511) Default -> joanne.fitzpatrick@cs.com | From: admin@hcgate.com | Subject: RE: Transaction Notification - Payment Details Enclosed | Attachment: None
2026-03-04 10:06:16,882 INFO [paris_sender] (623/1511) Default -> joanfavalora@cs.com | From: admin@hcgate.com | Subject: RE: Transaction Notification - Payment Details Enclosed | Attachment: None
2026-03-04 10:06:16,882 INFO [paris_sender] (622/1511) Default -> joanfirst1@cs.com | From: admin@hcgate.com | Subject: RE: Transaction Notification - Payment Details Enclosed | Attachment: None
2026-03-04 10:06:16,882 INFO [paris_sender] (624/1511) Default -> joann.williams@cs.com | From: admin@hcgate.com | Subject: RE: Transaction Notification - Payment Details Enclosed | Attachment: None
2026-03-04 10:06:16,882 INFO [paris_sender] (625/1511) Default -> joanagazaway@cs.com | From: admin@hcgate.com | Subject: RE: Transaction Notification - Payment Details Enclosed | Attachment: None
2026-03-04 10:06:18,103 INFO [paris_sender] (626/1511) Default -> joanna_kowalczyk@cs.com | From: admin@hcgate.com | Subject: RE: Transaction Notification - Payment Details Enclosed | Attachment: None
2026-03-04 10:06:18,103 INFO [paris_sender] (627/1511) Default -> joandavenport@cs.com | From: admin@hcgate.com | Subject: RE: Transaction Notification - Payment Details Enclosed | Attachment: None
2026-03-04 10:06:18,103 INFO [paris_sender] (630/1511) Default -> joancomas@netscape.net | From: admin@hcgate.com | Subject: RE: Transaction Notification - Payment Details Enclosed | Attachment: None
2026-03-04 10:06:18,103 INFO [paris_sender] (632/1511) Default -> joanb1122@cs.com | From: admin@hcgate.com | Subject: RE: Transaction Notification - Payment Details Enclosed | Attachment: None
2026-03-04 10:06:18,103 INFO [paris_sender] (634/1511) Default -> joanne.iler@netscape.net | From: admin@hcgate.com | Subject: RE: Transaction Notification - Payment Details Enclosed | Attachment: None
2026-03-04 10:06:18,103 INFO [paris_sender] (628/1511) Default -> joann709@cs.com | From: admin@hcgate.com | Subject: RE: Transaction Notification - Payment Details Enclosed | Attachment: None
2026-03-04 10:06:18,113 INFO [paris_sender] (631/1511) Default -> joann.dunn@cs.com | From: admin@hcgate.com | Subject: RE: Transaction Notification - Payment Details Enclosed | Attachment: None
2026-03-04 10:06:18,113 INFO [paris_sender] (633/1511) Default -> joannaray04@netscape.net | From: admin@hcgate.com | Subject: RE: Transaction Notification - Payment Details Enclosed | Attachment: None
2026-03-04 10:06:18,113 INFO [paris_sender] (635/1511) Default -> joanmie27@netscape.net | From: admin@hcgate.com | Subject: RE: Transaction Notification - Payment Details Enclosed | Attachment: None
2026-03-04 10:06:18,113 INFO [paris_sender] (629/1511) Default -> joann1@netscape.net | From: admin@hcgate.com | Subject: RE: Transaction Notification - Payment Details Enclosed | Attachment: None
2026-03-04 10:06:18,739 INFO [paris_sender] (636/1511) Default -> joann.norvell@compuserve.com | From: admin@hcgate.com | Subject: RE: Transaction Notification - Payment Details Enclosed | Attachment: None
2026-03-04 10:06:18,765 INFO [paris_sender] (637/1511) Default -> joannabillanes@netscape.net | From: admin@hcgate.com | Subject: RE: Transaction Notification - Payment Details Enclosed | Attachment: None
2026-03-04 10:06:18,765 INFO [paris_sender] (640/1511) Default -> joanbuonanno@netscape.net | From: admin@hcgate.com | Subject: RE: Transaction Notification - Payment Details Enclosed | Attachment: None
2026-03-04 10:06:18,775 INFO [paris_sender] (641/1511) Default -> joanaschlund@cs.com | From: admin@hcgate.com | Subject: RE: Transaction Notification - Payment Details Enclosed | Attachment: None
2026-03-04 10:06:18,775 INFO [paris_sender] (639/1511) Default -> joanheselden@netscape.net | From: admin@hcgate.com | Subject: RE: Transaction Notification - Payment Details Enclosed | Attachment: None
2026-03-04 10:06:18,775 INFO [paris_sender] (643/1511) Default -> joanne.dunne@cs.com | From: admin@hcgate.com | Subject: RE: Transaction Notification - Payment Details Enclosed | Attachment: None
2026-03-04 10:06:18,775 INFO [paris_sender] (642/1511) Default -> joanmaxxine@netscape.net | From: admin@hcgate.com | Subject: RE: Transaction Notification - Payment Details Enclosed | Attachment: None
2026-03-04 10:06:18,775 INFO [paris_sender] (644/1511) Default -> joanchancellor@cs.com | From: admin@hcgate.com | Subject: RE: Transaction Notification - Payment Details Enclosed | Attachment: None
2026-03-04 10:06:18,775 INFO [paris_sender] (645/1511) Default -> joanique_dancer@compuserve.com | From: admin@hcgate.com | Subject: RE: Transaction Notification - Payment Details Enclosed | Attachment: None
2026-03-04 10:06:18,775 INFO [paris_sender] (638/1511) Default -> joanjackson67@gte.net | From: admin@hcgate.com | Subject: RE: Transaction Notification - Payment Details Enclosed | Attachment: None
2026-03-04 10:06:19,629 INFO [paris_sender] (646/1511) Default -> joann.hamby@cs.com | From: admin@hcgate.com | Subject: RE: Transaction Notification - Payment Details Enclosed | Attachment: None
2026-03-04 10:06:19,629 INFO [paris_sender] (647/1511) Default -> joann.oneil@cs.com | From: admin@hcgate.com | Subject: RE: Transaction Notification - Payment Details Enclosed | Attachment: None
2026-03-04 10:06:19,657 INFO [paris_sender] (649/1511) Default -> joann.horne@gte.net | From: admin@hcgate.com | Subject: RE: Transaction Notification - Payment Details Enclosed | Attachment: None
2026-03-04 10:06:19,657 INFO [paris_sender] (648/1511) Default -> joana250@cs.com | From: admin@hcgate.com | Subject: RE: Transaction Notification - Payment Details Enclosed | Attachment: None
2026-03-04 10:06:19,676 INFO [paris_sender] (650/1511) Default -> joanempey@gte.net | From: admin@hcgate.com | Subject: RE: Transaction Notification - Payment Details Enclosed | Attachment: None
2026-03-04 10:06:19,676 INFO [paris_sender] (651/1511) Default -> joanarick598@cs.com | From: admin@hcgate.com | Subject: RE: Transaction Notification - Payment Details Enclosed | Attachment: None
2026-03-04 10:06:19,689 INFO [paris_sender] (652/1511) Default -> joannadeloian@cs.com | From: admin@hcgate.com | Subject: RE: Transaction Notification - Payment Details Enclosed | Attachment: None
2026-03-04 10:06:19,689 INFO [paris_sender] (653/1511) Default -> joanie.conaway@gte.net | From: admin@hcgate.com | Subject: RE: Transaction Notification - Payment Details Enclosed | Attachment: None
2026-03-04 10:06:19,705 INFO [paris_sender] (654/1511) Default -> joanelet@gte.net | From: admin@hcgate.com | Subject: RE: Transaction Notification - Payment Details Enclosed | Attachment: None
2026-03-04 10:06:19,705 INFO [paris_sender] (655/1511) Default -> joanbob@cs.com | From: admin@hcgate.com | Subject: RE: Transaction Notification - Payment Details Enclosed | Attachment: None
2026-03-04 10:06:20,703 INFO [paris_sender] (661/1511) Default -> joannadunn@cs.com | From: admin@hcgate.com | Subject: RE: Transaction Notification - Payment Details Enclosed | Attachment: None
2026-03-04 10:06:20,703 INFO [paris_sender] (658/1511) Default -> joangoetz@cs.com | From: admin@hcgate.com | Subject: RE: Transaction Notification - Payment Details Enclosed | Attachment: None
2026-03-04 10:06:20,712 INFO [paris_sender] (662/1511) Default -> joanksolomon@gte.net | From: admin@hcgate.com | Subject: RE: Transaction Notification - Payment Details Enclosed | Attachment: None
2026-03-04 10:06:20,712 INFO [paris_sender] (659/1511) Default -> joanne.prakapas@cs.com | From: admin@hcgate.com | Subject: RE: Transaction Notification - Payment Details Enclosed | Attachment: None
2026-03-04 10:06:20,712 INFO [paris_sender] (656/1511) Default -> joanhlowe@cs.com | From: admin@hcgate.com | Subject: RE: Transaction Notification - Payment Details Enclosed | Attachment: None
2026-03-04 10:06:20,712 INFO [paris_sender] (657/1511) Default -> joanhatton18@cs.com | From: admin@hcgate.com | Subject: RE: Transaction Notification - Payment Details Enclosed | Attachment: None
2026-03-04 10:06:20,765 INFO [paris_sender] (664/1511) Default -> joann545@cs.com | From: admin@hcgate.com | Subject: RE: Transaction Notification - Payment Details Enclosed | Attachment: None
2026-03-04 10:06:20,765 INFO [paris_sender] (660/1511) Default -> joannc1@aim.com | From: admin@hcgate.com | Subject: RE: Transaction Notification - Payment Details Enclosed | Attachment: None
2026-03-04 10:06:20,765 INFO [paris_sender] (663/1511) Default -> joanna.janssen@cs.com | From: admin@hcgate.com | Subject: RE: Transaction Notification - Payment Details Enclosed | Attachment: None
2026-03-04 10:06:20,765 INFO [paris_sender] (665/1511) Default -> joangill@netscape.com | From: admin@hcgate.com | Subject: RE: Transaction Notification - Payment Details Enclosed | Attachment: None
2026-03-04 10:06:21,483 INFO [paris_sender] (666/1511) Default -> joanlebl@cs.com | From: admin@hcgate.com | Subject: RE: Transaction Notification - Payment Details Enclosed | Attachment: None
2026-03-04 10:06:21,499 INFO [paris_sender] (668/1511) Default -> joan_sampson@bellatlantic.net | From: admin@hcgate.com | Subject: RE: Transaction Notification - Payment Details Enclosed | Attachment: None
2026-03-04 10:06:21,499 INFO [paris_sender] (670/1511) Default -> joann4yanks@crazy4baseball.com | From: admin@hcgate.com | Subject: RE: Transaction Notification - Payment Details Enclosed | Attachment: None
2026-03-04 10:06:21,499 INFO [paris_sender] (672/1511) Default -> joann.stephens@netscape.net | From: admin@hcgate.com | Subject: RE: Transaction Notification - Payment Details Enclosed | Attachment: None
2026-03-04 10:06:21,499 INFO [paris_sender] (671/1511) Default -> joann.liddiard@netscape.net | From: admin@hcgate.com | Subject: RE: Transaction Notification - Payment Details Enclosed | Attachment: None
2026-03-04 10:06:21,499 INFO [paris_sender] (674/1511) Default -> joann.horn@cs.com | From: admin@hcgate.com | Subject: RE: Transaction Notification - Payment Details Enclosed | Attachment: None
2026-03-04 10:06:21,499 INFO [paris_sender] (675/1511) Default -> joanne.wright@netscape.net | From: admin@hcgate.com | Subject: RE: Transaction Notification - Payment Details Enclosed | Attachment: None
2026-03-04 10:06:21,499 INFO [paris_sender] (667/1511) Default -> joann.jorge@cs.com | From: admin@hcgate.com | Subject: RE: Transaction Notification - Payment Details Enclosed | Attachment: None
2026-03-04 10:06:21,499 INFO [paris_sender] (669/1511) Default -> joanconybear@netscape.net | From: admin@hcgate.com | Subject: RE: Transaction Notification - Payment Details Enclosed | Attachment: None
2026-03-04 10:06:21,499 INFO [paris_sender] (673/1511) Default -> joanne.salvia@cs.com | From: admin@hcgate.com | Subject: RE: Transaction Notification - Payment Details Enclosed | Attachment: None
2026-03-04 10:06:22,814 INFO [paris_sender] (676/1511) Default -> joannd@netscape.com | From: admin@hcgate.com | Subject: RE: Transaction Notification - Payment Details Enclosed | Attachment: None
2026-03-04 10:06:22,814 INFO [paris_sender] (677/1511) Default -> joann.washko@netscape.net | From: admin@hcgate.com | Subject: RE: Transaction Notification - Payment Details Enclosed | Attachment: None
2026-03-04 10:06:22,833 INFO [paris_sender] (678/1511) Default -> joanne.camozzi@cs.com | From: admin@hcgate.com | Subject: RE: Transaction Notification - Payment Details Enclosed | Attachment: None
2026-03-04 10:06:22,833 INFO [paris_sender] (679/1511) Default -> joannavargas@wmconnect.com | From: admin@hcgate.com | Subject: RE: Transaction Notification - Payment Details Enclosed | Attachment: None
2026-03-04 10:06:22,833 INFO [paris_sender] (680/1511) Default -> joanne.didonato@bellatlantic.net | From: admin@hcgate.com | Subject: RE: Transaction Notification - Payment Details Enclosed | Attachment: None
2026-03-04 10:06:22,883 INFO [paris_sender] (684/1511) Default -> joanhowze@netscape.net | From: admin@hcgate.com | Subject: RE: Transaction Notification - Payment Details Enclosed | Attachment: None
2026-03-04 10:06:22,883 INFO [paris_sender] (682/1511) Default -> joanie.cook@gte.net | From: admin@hcgate.com | Subject: RE: Transaction Notification - Payment Details Enclosed | Attachment: None
2026-03-04 10:06:22,893 INFO [paris_sender] (683/1511) Default -> joanhickey48@cs.com | From: admin@hcgate.com | Subject: RE: Transaction Notification - Payment Details Enclosed | Attachment: None
2026-03-04 10:06:22,893 INFO [paris_sender] (681/1511) Default -> joanne.daywalt@gte.net | From: admin@hcgate.com | Subject: RE: Transaction Notification - Payment Details Enclosed | Attachment: None
2026-03-04 10:06:22,893 INFO [paris_sender] (685/1511) Default -> joankaylor@cs.com | From: admin@hcgate.com | Subject: RE: Transaction Notification - Payment Details Enclosed | Attachment: None
2026-03-04 10:06:24,041 INFO [paris_sender] (686/1511) Default -> joanmacleod@gte.net | From: admin@hcgate.com | Subject: RE: Transaction Notification - Payment Details Enclosed | Attachment: None
2026-03-04 10:06:24,056 INFO [paris_sender] (687/1511) Default -> joannchudzik@netscape.net | From: admin@hcgate.com | Subject: RE: Transaction Notification - Payment Details Enclosed | Attachment: None
2026-03-04 10:06:24,058 INFO [paris_sender] (688/1511) Default -> joancoursey@netscape.net | From: admin@hcgate.com | Subject: RE: Transaction Notification - Payment Details Enclosed | Attachment: None
2026-03-04 10:06:24,058 INFO [paris_sender] (689/1511) Default -> joaneucher@netscape.net | From: admin@hcgate.com | Subject: RE: Transaction Notification - Payment Details Enclosed | Attachment: None
2026-03-04 10:06:24,058 INFO [paris_sender] (690/1511) Default -> joann.porter@bellatlantic.net | From: admin@hcgate.com | Subject: RE: Transaction Notification - Payment Details Enclosed | Attachment: None
2026-03-04 10:06:24,084 INFO [paris_sender] (691/1511) Default -> joannagovea@cs.com | From: admin@hcgate.com | Subject: RE: Transaction Notification - Payment Details Enclosed | Attachment: None
2026-03-04 10:06:24,084 INFO [paris_sender] (692/1511) Default -> joanaphillips@cs.com | From: admin@hcgate.com | Subject: RE: Transaction Notification - Payment Details Enclosed | Attachment: None
2026-03-04 10:06:24,097 INFO [paris_sender] (693/1511) Default -> joanndoyel@wmconnect.com | From: admin@hcgate.com | Subject: RE: Transaction Notification - Payment Details Enclosed | Attachment: None
2026-03-04 10:06:24,097 INFO [paris_sender] (694/1511) Default -> joanmclean@gte.net | From: admin@hcgate.com | Subject: RE: Transaction Notification - Payment Details Enclosed | Attachment: None
2026-03-04 10:06:24,109 INFO [paris_sender] (695/1511) Default -> joann.jantz@gte.net | From: admin@hcgate.com | Subject: RE: Transaction Notification - Payment Details Enclosed | Attachment: None
2026-03-04 10:06:24,403 INFO [paris_sender] (696/1511) Default -> joannaburkhardt@wmconnect.com | From: admin@hcgate.com | Subject: RE: Transaction Notification - Payment Details Enclosed | Attachment: None
2026-03-04 10:06:25,261 INFO [paris_sender] (697/1511) Default -> joanbehre@netscape.net | From: admin@hcgate.com | Subject: RE: Transaction Notification - Payment Details Enclosed | Attachment: None
2026-03-04 10:06:25,264 INFO [paris_sender] (698/1511) Default -> joanna.shavers@cs.com | From: admin@hcgate.com | Subject: RE: Transaction Notification - Payment Details Enclosed | Attachment: None
2026-03-04 10:06:25,285 INFO [paris_sender] (700/1511) Default -> joanna.fernandez@netscape.net | From: admin@hcgate.com | Subject: RE: Transaction Notification - Payment Details Enclosed | Attachment: None
2026-03-04 10:06:25,285 INFO [paris_sender] (699/1511) Default -> joannadanna54@cs.com | From: admin@hcgate.com | Subject: RE: Transaction Notification - Payment Details Enclosed | Attachment: None
2026-03-04 10:06:25,301 INFO [paris_sender] (701/1511) Default -> joanna.fisher@netscape.net | From: admin@hcgate.com | Subject: RE: Transaction Notification - Payment Details Enclosed | Attachment: None
2026-03-04 10:06:25,315 INFO [paris_sender] (702/1511) Default -> joann.gray@netscape.net | From: admin@hcgate.com | Subject: RE: Transaction Notification - Payment Details Enclosed | Attachment: None
2026-03-04 10:06:25,315 INFO [paris_sender] (703/1511) Default -> joandvorak@gte.net | From: admin@hcgate.com | Subject: RE: Transaction Notification - Payment Details Enclosed | Attachment: None
2026-03-04 10:06:25,333 INFO [paris_sender] (704/1511) Default -> joanmikekelly@cs.com | From: admin@hcgate.com | Subject: RE: Transaction Notification - Payment Details Enclosed | Attachment: None
2026-03-04 10:06:25,333 INFO [paris_sender] (705/1511) Default -> joanlawren@gte.net | From: admin@hcgate.com | Subject: RE: Transaction Notification - Payment Details Enclosed | Attachment: None
2026-03-04 10:06:25,333 INFO [paris_sender] (706/1511) Default -> joan_kfngh@netscape.com | From: admin@hcgate.com | Subject: RE: Transaction Notification - Payment Details Enclosed | Attachment: None
2026-03-04 10:06:25,739 INFO [paris_sender] (707/1511) Default -> joanbaggett@cs.com | From: admin@hcgate.com | Subject: RE: Transaction Notification - Payment Details Enclosed | Attachment: None
2026-03-04 10:06:25,800 INFO [paris_sender] (708/1511) Default -> joandubois@cs.com | From: admin@hcgate.com | Subject: RE: Transaction Notification - Payment Details Enclosed | Attachment: None
2026-03-04 10:06:26,468 INFO [paris_sender] (709/1511) Default -> joanmeiller@bellatlantic.net | From: admin@hcgate.com | Subject: RE: Transaction Notification - Payment Details Enclosed | Attachment: None
2026-03-04 10:06:26,485 INFO [paris_sender] (710/1511) Default -> joanchapman@netscape.com | From: admin@hcgate.com | Subject: RE: Transaction Notification - Payment Details Enclosed | Attachment: None
2026-03-04 10:06:26,500 INFO [paris_sender] (711/1511) Default -> joankruegler@cs.com | From: admin@hcgate.com | Subject: RE: Transaction Notification - Payment Details Enclosed | Attachment: None
2026-03-04 10:06:26,500 INFO [paris_sender] (712/1511) Default -> joanblais@netscape.net | From: admin@hcgate.com | Subject: RE: Transaction Notification - Payment Details Enclosed | Attachment: None
2026-03-04 10:06:26,500 INFO [paris_sender] (713/1511) Default -> joann.lerch@netscape.net | From: admin@hcgate.com | Subject: RE: Transaction Notification - Payment Details Enclosed | Attachment: None
2026-03-04 10:06:26,527 INFO [paris_sender] (714/1511) Default -> joann.koehler@netscape.net | From: admin@hcgate.com | Subject: RE: Transaction Notification - Payment Details Enclosed | Attachment: None
2026-03-04 10:06:26,533 INFO [paris_sender] (717/1511) Default -> joanna.mclaughlin@netscape.net | From: admin@hcgate.com | Subject: RE: Transaction Notification - Payment Details Enclosed | Attachment: None
2026-03-04 10:06:26,533 INFO [paris_sender] (715/1511) Default -> joanne.guth@cs.com | From: admin@hcgate.com | Subject: RE: Transaction Notification - Payment Details Enclosed | Attachment: None
2026-03-04 10:06:26,533 INFO [paris_sender] (716/1511) Default -> joandesilvia@netscape.com | From: admin@hcgate.com | Subject: RE: Transaction Notification - Payment Details Enclosed | Attachment: None
2026-03-04 10:06:26,533 INFO [paris_sender] (718/1511) Default -> joanalusk@cs.com | From: admin@hcgate.com | Subject: RE: Transaction Notification - Payment Details Enclosed | Attachment: None
2026-03-04 10:06:26,927 INFO [paris_sender] (719/1511) Default -> joannao@cs.com | From: admin@hcgate.com | Subject: RE: Transaction Notification - Payment Details Enclosed | Attachment: None
2026-03-04 10:06:26,955 INFO [paris_sender] (720/1511) Default -> joanesch@netscape.net | From: admin@hcgate.com | Subject: RE: Transaction Notification - Payment Details Enclosed | Attachment: None
2026-03-04 10:06:26,955 INFO [paris_sender] (721/1511) Default -> joannajones@cs.com | From: admin@hcgate.com | Subject: RE: Transaction Notification - Payment Details Enclosed | Attachment: None
2026-03-04 10:06:26,984 INFO [paris_sender] (722/1511) Default -> joanna2@compuserve.com | From: admin@hcgate.com | Subject: RE: Transaction Notification - Payment Details Enclosed | Attachment: None
2026-03-04 10:06:27,555 INFO [paris_sender] (723/1511) Default -> joanna.hampton@netscape.net | From: admin@hcgate.com | Subject: RE: Transaction Notification - Payment Details Enclosed | Attachment: None
2026-03-04 10:06:27,571 INFO [paris_sender] (724/1511) Default -> joanna.burroughs@netscape.com | From: admin@hcgate.com | Subject: RE: Transaction Notification - Payment Details Enclosed | Attachment: None
2026-03-04 10:06:27,571 INFO [paris_sender] (725/1511) Default -> joanhammond@cs.com | From: admin@hcgate.com | Subject: RE: Transaction Notification - Payment Details Enclosed | Attachment: None
2026-03-04 10:06:27,571 INFO [paris_sender] (726/1511) Default -> joannac@wmconnect.com | From: admin@hcgate.com | Subject: RE: Transaction Notification - Payment Details Enclosed | Attachment: None
2026-03-04 10:06:27,571 INFO [paris_sender] (727/1511) Default -> joannamariao@wmconnect.com | From: admin@hcgate.com | Subject: RE: Transaction Notification - Payment Details Enclosed | Attachment: None
2026-03-04 10:06:27,587 INFO [paris_sender] (728/1511) Default -> joanne.mchugh@cs.com | From: admin@hcgate.com | Subject: RE: Transaction Notification - Payment Details Enclosed | Attachment: None
2026-03-04 10:06:27,587 INFO [paris_sender] (729/1511) Default -> joannaendermann@cs.com | From: admin@hcgate.com | Subject: RE: Transaction Notification - Payment Details Enclosed | Attachment: None
2026-03-04 10:06:27,604 INFO [paris_sender] (730/1511) Default -> joanna8891@cs.com | From: admin@hcgate.com | Subject: RE: Transaction Notification - Payment Details Enclosed | Attachment: None
2026-03-04 10:06:27,620 INFO [paris_sender] (732/1511) Default -> joanne.strobert@netscape.net | From: admin@hcgate.com | Subject: RE: Transaction Notification - Payment Details Enclosed | Attachment: None
2026-03-04 10:06:27,620 INFO [paris_sender] (731/1511) Default -> joanb3@netscape.net | From: admin@hcgate.com | Subject: RE: Transaction Notification - Payment Details Enclosed | Attachment: None
2026-03-04 10:06:28,151 INFO [paris_sender] (733/1511) Default -> joann.kuligowski@netscape.net | From: admin@hcgate.com | Subject: RE: Transaction Notification - Payment Details Enclosed | Attachment: None
2026-03-04 10:06:28,176 INFO [paris_sender] (734/1511) Default -> joang@netscape.com | From: admin@hcgate.com | Subject: RE: Transaction Notification - Payment Details Enclosed | Attachment: None
2026-03-04 10:06:28,184 INFO [paris_sender] (735/1511) Default -> joancro@netscape.net | From: admin@hcgate.com | Subject: RE: Transaction Notification - Payment Details Enclosed | Attachment: None
2026-03-04 10:06:28,184 INFO [paris_sender] (736/1511) Default -> joanbower@gte.net | From: admin@hcgate.com | Subject: RE: Transaction Notification - Payment Details Enclosed | Attachment: None
2026-03-04 10:06:28,184 INFO [paris_sender] (737/1511) Default -> joanes@netscape.com | From: admin@hcgate.com | Subject: RE: Transaction Notification - Payment Details Enclosed | Attachment: None
2026-03-04 10:06:28,203 INFO [paris_sender] (738/1511) Default -> joanne.marzo@cs.com | From: admin@hcgate.com | Subject: RE: Transaction Notification - Payment Details Enclosed | Attachment: None
2026-03-04 10:06:28,203 INFO [paris_sender] (739/1511) Default -> joanc02@cs.com | From: admin@hcgate.com | Subject: RE: Transaction Notification - Payment Details Enclosed | Attachment: None
2026-03-04 10:06:28,216 INFO [paris_sender] (742/1511) Default -> joankofke@netscape.net | From: admin@hcgate.com | Subject: RE: Transaction Notification - Payment Details Enclosed | Attachment: None
2026-03-04 10:06:28,216 INFO [paris_sender] (740/1511) Default -> joanna422@aim.com | From: admin@hcgate.com | Subject: RE: Transaction Notification - Payment Details Enclosed | Attachment: None
2026-03-04 10:06:28,216 INFO [paris_sender] (741/1511) Default -> joann.slack@bellatlantic.net | From: admin@hcgate.com | Subject: RE: Transaction Notification - Payment Details Enclosed | Attachment: None
2026-03-04 10:06:29,015 INFO [paris_sender] (743/1511) Default -> joanette.washington@cs.com | From: admin@hcgate.com | Subject: RE: Transaction Notification - Payment Details Enclosed | Attachment: None
2026-03-04 10:06:29,021 INFO [paris_sender] (744/1511) Default -> joannawigarza@netscape.net | From: admin@hcgate.com | Subject: RE: Transaction Notification - Payment Details Enclosed | Attachment: None
2026-03-04 10:06:29,037 INFO [paris_sender] (745/1511) Default -> joanmel@gte.net | From: admin@hcgate.com | Subject: RE: Transaction Notification - Payment Details Enclosed | Attachment: None
2026-03-04 10:06:29,047 INFO [paris_sender] (746/1511) Default -> joancarrubba@cs.com | From: admin@hcgate.com | Subject: RE: Transaction Notification - Payment Details Enclosed | Attachment: None
2026-03-04 10:06:29,049 INFO [paris_sender] (747/1511) Default -> joanmobrien@cs.com | From: admin@hcgate.com | Subject: RE: Transaction Notification - Payment Details Enclosed | Attachment: None
2026-03-04 10:06:29,054 INFO [paris_sender] (748/1511) Default -> joanncausby@gte.net | From: admin@hcgate.com | Subject: RE: Transaction Notification - Payment Details Enclosed | Attachment: None
2026-03-04 10:06:29,069 INFO [paris_sender] (749/1511) Default -> joanna.duff@gte.net | From: admin@hcgate.com | Subject: RE: Transaction Notification - Payment Details Enclosed | Attachment: None
2026-03-04 10:06:29,078 INFO [paris_sender] (750/1511) Default -> joanna.dawkins@cs.com | From: admin@hcgate.com | Subject: RE: Transaction Notification - Payment Details Enclosed | Attachment: None
2026-03-04 10:06:29,086 INFO [paris_sender] (751/1511) Default -> joann.spears@gte.net | From: admin@hcgate.com | Subject: RE: Transaction Notification - Payment Details Enclosed | Attachment: None
2026-03-04 10:06:29,086 INFO [paris_sender] (752/1511) Default -> joanne.tolve@netscape.net | From: admin@hcgate.com | Subject: RE: Transaction Notification - Payment Details Enclosed | Attachment: None
2026-03-04 10:06:29,900 INFO [paris_sender] (753/1511) Default -> joanne.bastian@bellatlantic.net | From: admin@hcgate.com | Subject: RE: Transaction Notification - Payment Details Enclosed | Attachment: None
2026-03-04 10:06:29,900 INFO [paris_sender] (754/1511) Default -> joancchambers@netscape.net | From: admin@hcgate.com | Subject: RE: Transaction Notification - Payment Details Enclosed | Attachment: None
2026-03-04 10:06:29,900 INFO [paris_sender] (755/1511) Default -> joandeb@gte.net | From: admin@hcgate.com | Subject: RE: Transaction Notification - Payment Details Enclosed | Attachment: None
2026-03-04 10:06:29,906 INFO [paris_sender] (756/1511) Default -> joann9685@cs.com | From: admin@hcgate.com | Subject: RE: Transaction Notification - Payment Details Enclosed | Attachment: None
2026-03-04 10:06:29,921 INFO [paris_sender] (758/1511) Default -> joanne.scott@bellatlantic.net | From: admin@hcgate.com | Subject: RE: Transaction Notification - Payment Details Enclosed | Attachment: None
2026-03-04 10:06:29,921 INFO [paris_sender] (757/1511) Default -> joanbates@cs.com | From: admin@hcgate.com | Subject: RE: Transaction Notification - Payment Details Enclosed | Attachment: None
2026-03-04 10:06:29,948 INFO [paris_sender] (759/1511) Default -> joannas@wmconnect.com | From: admin@hcgate.com | Subject: RE: Transaction Notification - Payment Details Enclosed | Attachment: None
2026-03-04 10:06:29,954 INFO [paris_sender] (762/1511) Default -> joanne.mercer@netscape.net | From: admin@hcgate.com | Subject: RE: Transaction Notification - Payment Details Enclosed | Attachment: None
2026-03-04 10:06:29,954 INFO [paris_sender] (761/1511) Default -> joanmoritz@cs.com | From: admin@hcgate.com | Subject: RE: Transaction Notification - Payment Details Enclosed | Attachment: None
2026-03-04 10:06:29,954 INFO [paris_sender] (760/1511) Default -> joann.mow@wmconnect.com | From: admin@hcgate.com | Subject: RE: Transaction Notification - Payment Details Enclosed | Attachment: None
2026-03-04 10:06:30,748 INFO [paris_sender] (763/1511) Default -> joanjmeyers@netscape.com | From: admin@hcgate.com | Subject: RE: Transaction Notification - Payment Details Enclosed | Attachment: None
2026-03-04 10:06:30,765 INFO [paris_sender] (764/1511) Default -> joannacdc@wmconnect.com | From: admin@hcgate.com | Subject: RE: Transaction Notification - Payment Details Enclosed | Attachment: None
2026-03-04 10:06:30,782 INFO [paris_sender] (766/1511) Default -> joanna.campbell@netscape.net | From: admin@hcgate.com | Subject: RE: Transaction Notification - Payment Details Enclosed | Attachment: None
2026-03-04 10:06:30,782 INFO [paris_sender] (765/1511) Default -> joannar@cs.com | From: admin@hcgate.com | Subject: RE: Transaction Notification - Payment Details Enclosed | Attachment: None
2026-03-04 10:06:30,782 INFO [paris_sender] (768/1511) Default -> joanna.gallagher@netscape.net | From: admin@hcgate.com | Subject: RE: Transaction Notification - Payment Details Enclosed | Attachment: None
2026-03-04 10:06:30,782 INFO [paris_sender] (767/1511) Default -> joanmac@netscape.com | From: admin@hcgate.com | Subject: RE: Transaction Notification - Payment Details Enclosed | Attachment: None
2026-03-04 10:06:30,796 INFO [paris_sender] (769/1511) Default -> joann.montano@netscape.net | From: admin@hcgate.com | Subject: RE: Transaction Notification - Payment Details Enclosed | Attachment: None
2026-03-04 10:06:30,796 INFO [paris_sender] (770/1511) Default -> joanbrook22840@netscape.com | From: admin@hcgate.com | Subject: RE: Transaction Notification - Payment Details Enclosed | Attachment: None
2026-03-04 10:06:30,813 INFO [paris_sender] (771/1511) Default -> joandinneen@netscape.net | From: admin@hcgate.com | Subject: RE: Transaction Notification - Payment Details Enclosed | Attachment: None
2026-03-04 10:06:30,813 INFO [paris_sender] (772/1511) Default -> joannac3@bellatlantic.net | From: admin@hcgate.com | Subject: RE: Transaction Notification - Payment Details Enclosed | Attachment: None
2026-03-04 10:06:31,610 INFO [paris_sender] (773/1511) Default -> joannachavez@aim.com | From: admin@hcgate.com | Subject: RE: Transaction Notification - Payment Details Enclosed | Attachment: None
2026-03-04 10:06:31,610 INFO [paris_sender] (774/1511) Default -> joandly@gte.net | From: admin@hcgate.com | Subject: RE: Transaction Notification - Payment Details Enclosed | Attachment: None
2026-03-04 10:06:31,650 INFO [paris_sender] (775/1511) Default -> joann.norris@cs.com | From: admin@hcgate.com | Subject: RE: Transaction Notification - Payment Details Enclosed | Attachment: None
2026-03-04 10:06:31,666 INFO [paris_sender] (776/1511) Default -> joangirl1955@wmconnect.com | From: admin@hcgate.com | Subject: RE: Transaction Notification - Payment Details Enclosed | Attachment: None
2026-03-04 10:06:31,676 INFO [paris_sender] (777/1511) Default -> joanna.nguyen@bellatlantic.net | From: admin@hcgate.com | Subject: RE: Transaction Notification - Payment Details Enclosed | Attachment: None
2026-03-04 10:06:31,698 INFO [paris_sender] (778/1511) Default -> joannbeam@netscape.net | From: admin@hcgate.com | Subject: RE: Transaction Notification - Payment Details Enclosed | Attachment: None
2026-03-04 10:06:31,698 INFO [paris_sender] (781/1511) Default -> joanne.howard@cs.com | From: admin@hcgate.com | Subject: RE: Transaction Notification - Payment Details Enclosed | Attachment: None
2026-03-04 10:06:31,698 INFO [paris_sender] (779/1511) Default -> joanne.bowers@gte.net | From: admin@hcgate.com | Subject: RE: Transaction Notification - Payment Details Enclosed | Attachment: None
2026-03-04 10:06:31,698 INFO [paris_sender] (780/1511) Default -> joanne.wong@netscape.net | From: admin@hcgate.com | Subject: RE: Transaction Notification - Payment Details Enclosed | Attachment: None
2026-03-04 10:06:31,698 INFO [paris_sender] (782/1511) Default -> joannahynde@cs.com | From: admin@hcgate.com | Subject: RE: Transaction Notification - Payment Details Enclosed | Attachment: None
2026-03-04 10:06:32,534 INFO [paris_sender] (784/1511) Default -> joanecelestin@cs.com | From: admin@hcgate.com | Subject: RE: Transaction Notification - Payment Details Enclosed | Attachment: None
2026-03-04 10:06:32,534 INFO [paris_sender] (783/1511) Default -> joanne.disario@netscape.net | From: admin@hcgate.com | Subject: RE: Transaction Notification - Payment Details Enclosed | Attachment: None
2026-03-04 10:06:32,534 INFO [paris_sender] (785/1511) Default -> joanna.littlefield@netscape.net | From: admin@hcgate.com | Subject: RE: Transaction Notification - Payment Details Enclosed | Attachment: None
2026-03-04 10:06:32,549 INFO [paris_sender] (786/1511) Default -> joanamader@cs.com | From: admin@hcgate.com | Subject: RE: Transaction Notification - Payment Details Enclosed | Attachment: None
2026-03-04 10:06:32,565 INFO [paris_sender] (787/1511) Default -> joanaperez@netscape.net | From: admin@hcgate.com | Subject: RE: Transaction Notification - Payment Details Enclosed | Attachment: None
2026-03-04 10:06:32,582 INFO [paris_sender] (788/1511) Default -> joanna.walker@netscape.net | From: admin@hcgate.com | Subject: RE: Transaction Notification - Payment Details Enclosed | Attachment: None
2026-03-04 10:06:32,582 INFO [paris_sender] (789/1511) Default -> joanne.gordon@cs.com | From: admin@hcgate.com | Subject: RE: Transaction Notification - Payment Details Enclosed | Attachment: None
2026-03-04 10:06:32,582 INFO [paris_sender] (790/1511) Default -> joandiodato@netscape.net | From: admin@hcgate.com | Subject: RE: Transaction Notification - Payment Details Enclosed | Attachment: None
2026-03-04 10:06:32,582 INFO [paris_sender] (791/1511) Default -> curtispearl127948@aol.com | From: admin@hcgate.com | Subject: RE: Transaction Notification - Payment Details Enclosed | Attachment: None
2026-03-04 10:06:32,582 INFO [paris_sender] (792/1511) Default -> joanne.capparelli@netscape.net | From: admin@hcgate.com | Subject: RE: Transaction Notification - Payment Details Enclosed | Attachment: None
2026-03-04 10:06:33,385 INFO [paris_sender] (793/1511) Default -> joanandjoe@netscape.com | From: admin@hcgate.com | Subject: RE: Transaction Notification - Payment Details Enclosed | Attachment: None
2026-03-04 10:06:33,401 INFO [paris_sender] (794/1511) Default -> joanhindsley@wmconnect.com | From: admin@hcgate.com | Subject: RE: Transaction Notification - Payment Details Enclosed | Attachment: None
2026-03-04 10:06:33,401 INFO [paris_sender] (795/1511) Default -> joanne.fuller@cs.com | From: admin@hcgate.com | Subject: RE: Transaction Notification - Payment Details Enclosed | Attachment: None
2026-03-04 10:06:33,401 INFO [paris_sender] (797/1511) Default -> joann.day@netscape.net | From: admin@hcgate.com | Subject: RE: Transaction Notification - Payment Details Enclosed | Attachment: None
2026-03-04 10:06:33,401 INFO [paris_sender] (796/1511) Default -> joann.sinclair@gte.net | From: admin@hcgate.com | Subject: RE: Transaction Notification - Payment Details Enclosed | Attachment: None
2026-03-04 10:06:33,421 INFO [paris_sender] (798/1511) Default -> joanne.holland@aim.com | From: admin@hcgate.com | Subject: RE: Transaction Notification - Payment Details Enclosed | Attachment: None
2026-03-04 10:06:33,421 INFO [paris_sender] (799/1511) Default -> joanne.mitchell@bellatlantic.net | From: admin@hcgate.com | Subject: RE: Transaction Notification - Payment Details Enclosed | Attachment: None
2026-03-04 10:06:33,435 INFO [paris_sender] (800/1511) Default -> joannahoover@cs.com | From: admin@hcgate.com | Subject: RE: Transaction Notification - Payment Details Enclosed | Attachment: None
2026-03-04 10:06:33,450 INFO [paris_sender] (801/1511) Default -> joanna.castillo@bellatlantic.net | From: admin@hcgate.com | Subject: RE: Transaction Notification - Payment Details Enclosed | Attachment: None
2026-03-04 10:06:33,450 INFO [paris_sender] (802/1511) Default -> joanben@cs.com | From: admin@hcgate.com | Subject: RE: Transaction Notification - Payment Details Enclosed | Attachment: None
2026-03-04 10:06:34,273 INFO [paris_sender] (803/1511) Default -> joannbogan@netscape.net | From: admin@hcgate.com | Subject: RE: Transaction Notification - Payment Details Enclosed | Attachment: None
2026-03-04 10:06:34,275 INFO [paris_sender] (805/1511) Default -> joannawozniak@netscape.net | From: admin@hcgate.com | Subject: RE: Transaction Notification - Payment Details Enclosed | Attachment: None
2026-03-04 10:06:34,275 INFO [paris_sender] (804/1511) Default -> joann.starr@bellatlantic.net | From: admin@hcgate.com | Subject: RE: Transaction Notification - Payment Details Enclosed | Attachment: None
2026-03-04 10:06:34,296 INFO [paris_sender] (807/1511) Default -> joannadams@netscape.net | From: admin@hcgate.com | Subject: RE: Transaction Notification - Payment Details Enclosed | Attachment: None
2026-03-04 10:06:34,296 INFO [paris_sender] (808/1511) Default -> joaneejoanie@netscape.net | From: admin@hcgate.com | Subject: RE: Transaction Notification - Payment Details Enclosed | Attachment: None
2026-03-04 10:06:34,296 INFO [paris_sender] (806/1511) Default -> joanludwig@netscape.net | From: admin@hcgate.com | Subject: RE: Transaction Notification - Payment Details Enclosed | Attachment: None
2026-03-04 10:06:34,327 INFO [paris_sender] (809/1511) Default -> joanghafouri@gte.net | From: admin@hcgate.com | Subject: RE: Transaction Notification - Payment Details Enclosed | Attachment: None
2026-03-04 10:06:34,327 INFO [paris_sender] (810/1511) Default -> joancalinisan@netscape.net | From: admin@hcgate.com | Subject: RE: Transaction Notification - Payment Details Enclosed | Attachment: None
2026-03-04 10:06:34,327 INFO [paris_sender] (812/1511) Default -> joanbousquet@gte.net | From: admin@hcgate.com | Subject: RE: Transaction Notification - Payment Details Enclosed | Attachment: None
2026-03-04 10:06:34,327 INFO [paris_sender] (811/1511) Default -> joanlashley@netscape.net | From: admin@hcgate.com | Subject: RE: Transaction Notification - Payment Details Enclosed | Attachment: None
2026-03-04 10:06:35,156 INFO [paris_sender] (813/1511) Default -> joanarn5@cs.com | From: admin@hcgate.com | Subject: RE: Transaction Notification - Payment Details Enclosed | Attachment: None
2026-03-04 10:06:35,177 INFO [paris_sender] (814/1511) Default -> joannaledford@cs.com | From: admin@hcgate.com | Subject: RE: Transaction Notification - Payment Details Enclosed | Attachment: None
2026-03-04 10:06:35,190 INFO [paris_sender] (815/1511) Default -> joangrant33@gte.net | From: admin@hcgate.com | Subject: RE: Transaction Notification - Payment Details Enclosed | Attachment: None
2026-03-04 10:06:35,191 INFO [paris_sender] (816/1511) Default -> joannaonkst@netscape.net | From: admin@hcgate.com | Subject: RE: Transaction Notification - Payment Details Enclosed | Attachment: None
2026-03-04 10:06:35,204 INFO [paris_sender] (817/1511) Default -> joannajj@cs.com | From: admin@hcgate.com | Subject: RE: Transaction Notification - Payment Details Enclosed | Attachment: None
2026-03-04 10:06:35,204 INFO [paris_sender] (819/1511) Default -> joannadawnsmithlemmons@bellatlantic.net | From: admin@hcgate.com | Subject: RE: Transaction Notification - Payment Details Enclosed | Attachment: None
2026-03-04 10:06:35,204 INFO [paris_sender] (818/1511) Default -> joannabarry@netscape.net | From: admin@hcgate.com | Subject: RE: Transaction Notification - Payment Details Enclosed | Attachment: None
2026-03-04 10:06:35,242 INFO [paris_sender] (821/1511) Default -> joann.rooney@compuserve.com | From: admin@hcgate.com | Subject: RE: Transaction Notification - Payment Details Enclosed | Attachment: None
2026-03-04 10:06:35,246 INFO [paris_sender] (820/1511) Default -> joanna.vickers@cs.com | From: admin@hcgate.com | Subject: RE: Transaction Notification - Payment Details Enclosed | Attachment: None
2026-03-04 10:06:35,246 INFO [paris_sender] (822/1511) Default -> joann.thomas@netscape.net | From: admin@hcgate.com | Subject: RE: Transaction Notification - Payment Details Enclosed | Attachment: None
2026-03-04 10:06:36,040 INFO [paris_sender] (823/1511) Default -> joanne.yukman@gte.net | From: admin@hcgate.com | Subject: RE: Transaction Notification - Payment Details Enclosed | Attachment: None
2026-03-04 10:06:36,055 INFO [paris_sender] (826/1511) Default -> joancarden@netscape.net | From: admin@hcgate.com | Subject: RE: Transaction Notification - Payment Details Enclosed | Attachment: None
2026-03-04 10:06:36,055 INFO [paris_sender] (824/1511) Default -> joanne.long@netscape.net | From: admin@hcgate.com | Subject: RE: Transaction Notification - Payment Details Enclosed | Attachment: None
2026-03-04 10:06:36,055 INFO [paris_sender] (825/1511) Default -> joann1938@cs.com | From: admin@hcgate.com | Subject: RE: Transaction Notification - Payment Details Enclosed | Attachment: None
2026-03-04 10:06:36,078 INFO [paris_sender] (827/1511) Default -> joanbabe@cs.com | From: admin@hcgate.com | Subject: RE: Transaction Notification - Payment Details Enclosed | Attachment: None
2026-03-04 10:06:36,088 INFO [paris_sender] (828/1511) Default -> joann.tillaman@cs.com | From: admin@hcgate.com | Subject: RE: Transaction Notification - Payment Details Enclosed | Attachment: None
2026-03-04 10:06:36,088 INFO [paris_sender] (829/1511) Default -> joanast@gte.net | From: admin@hcgate.com | Subject: RE: Transaction Notification - Payment Details Enclosed | Attachment: None
2026-03-04 10:06:36,137 INFO [paris_sender] (830/1511) Default -> joanne.travis@cs.com | From: admin@hcgate.com | Subject: RE: Transaction Notification - Payment Details Enclosed | Attachment: None
2026-03-04 10:06:36,144 INFO [paris_sender] (831/1511) Default -> joanmulleady@cs.com | From: admin@hcgate.com | Subject: RE: Transaction Notification - Payment Details Enclosed | Attachment: None
2026-03-04 10:06:36,168 INFO [paris_sender] (832/1511) Default -> joannazaman@netscape.com | From: admin@hcgate.com | Subject: RE: Transaction Notification - Payment Details Enclosed | Attachment: None
2026-03-04 10:06:36,894 INFO [paris_sender] (834/1511) Default -> joannbarton@netscape.net | From: admin@hcgate.com | Subject: RE: Transaction Notification - Payment Details Enclosed | Attachment: None
2026-03-04 10:06:36,894 INFO [paris_sender] (833/1511) Default -> joann.spinella@netscape.net | From: admin@hcgate.com | Subject: RE: Transaction Notification - Payment Details Enclosed | Attachment: None
2026-03-04 10:06:36,910 INFO [paris_sender] (835/1511) Default -> joangarrison@netscape.net | From: admin@hcgate.com | Subject: RE: Transaction Notification - Payment Details Enclosed | Attachment: None
2026-03-04 10:06:36,910 INFO [paris_sender] (836/1511) Default -> joanlongbottom@cs.com | From: admin@hcgate.com | Subject: RE: Transaction Notification - Payment Details Enclosed | Attachment: None
2026-03-04 10:06:36,927 INFO [paris_sender] (837/1511) Default -> joann.sheibal@wmconnect.com | From: admin@hcgate.com | Subject: RE: Transaction Notification - Payment Details Enclosed | Attachment: None
2026-03-04 10:06:36,938 INFO [paris_sender] (838/1511) Default -> joanbischler@netscape.net | From: admin@hcgate.com | Subject: RE: Transaction Notification - Payment Details Enclosed | Attachment: None
2026-03-04 10:06:36,938 INFO [paris_sender] (839/1511) Default -> joankaiser@cs.com | From: admin@hcgate.com | Subject: RE: Transaction Notification - Payment Details Enclosed | Attachment: None
2026-03-04 10:06:36,943 INFO [paris_sender] (841/1511) Default -> joann.robertson@cs.com | From: admin@hcgate.com | Subject: RE: Transaction Notification - Payment Details Enclosed | Attachment: None
2026-03-04 10:06:36,943 INFO [paris_sender] (840/1511) Default -> joannafrancesa@netscape.net | From: admin@hcgate.com | Subject: RE: Transaction Notification - Payment Details Enclosed | Attachment: None
2026-03-04 10:06:36,943 INFO [paris_sender] (842/1511) Default -> joane6@cs.com | From: admin@hcgate.com | Subject: RE: Transaction Notification - Payment Details Enclosed | Attachment: None
2026-03-04 10:06:37,730 INFO [paris_sender] (843/1511) Default -> joaneriley@netscape.net | From: admin@hcgate.com | Subject: RE: Transaction Notification - Payment Details Enclosed | Attachment: None
2026-03-04 10:06:37,747 INFO [paris_sender] (844/1511) Default -> joanjansen@netscape.net | From: admin@hcgate.com | Subject: RE: Transaction Notification - Payment Details Enclosed | Attachment: None
2026-03-04 10:06:37,763 INFO [paris_sender] (846/1511) Default -> joan_52@cs.com | From: admin@hcgate.com | Subject: RE: Transaction Notification - Payment Details Enclosed | Attachment: None
2026-03-04 10:06:37,763 INFO [paris_sender] (845/1511) Default -> joanmcnulty@cs.com | From: admin@hcgate.com | Subject: RE: Transaction Notification - Payment Details Enclosed | Attachment: None
2026-03-04 10:06:37,763 INFO [paris_sender] (847/1511) Default -> joannawallace@cs.com | From: admin@hcgate.com | Subject: RE: Transaction Notification - Payment Details Enclosed | Attachment: None
2026-03-04 10:06:37,763 INFO [paris_sender] (848/1511) Default -> joankosobucki@cs.com | From: admin@hcgate.com | Subject: RE: Transaction Notification - Payment Details Enclosed | Attachment: None
2026-03-04 10:06:37,780 INFO [paris_sender] (849/1511) Default -> joanne.wagner@cs.com | From: admin@hcgate.com | Subject: RE: Transaction Notification - Payment Details Enclosed | Attachment: None
2026-03-04 10:06:37,797 INFO [paris_sender] (851/1511) Default -> joangrant1@cs.com | From: admin@hcgate.com | Subject: RE: Transaction Notification - Payment Details Enclosed | Attachment: None
2026-03-04 10:06:37,797 INFO [paris_sender] (850/1511) Default -> joandicarlo@netscape.net | From: admin@hcgate.com | Subject: RE: Transaction Notification - Payment Details Enclosed | Attachment: None
2026-03-04 10:06:37,797 INFO [paris_sender] (852/1511) Default -> joanna.ayala@cs.com | From: admin@hcgate.com | Subject: RE: Transaction Notification - Payment Details Enclosed | Attachment: None
2026-03-04 10:06:38,627 INFO [paris_sender] (853/1511) Default -> joankumer@netscape.net | From: admin@hcgate.com | Subject: RE: Transaction Notification - Payment Details Enclosed | Attachment: None
2026-03-04 10:06:38,627 INFO [paris_sender] (854/1511) Default -> joancooley@netscape.net | From: admin@hcgate.com | Subject: RE: Transaction Notification - Payment Details Enclosed | Attachment: None
2026-03-04 10:06:38,648 INFO [paris_sender] (855/1511) Default -> joann.dayton@netscape.net | From: admin@hcgate.com | Subject: RE: Transaction Notification - Payment Details Enclosed | Attachment: None
2026-03-04 10:06:38,648 INFO [paris_sender] (856/1511) Default -> joanne.hightower@cs.com | From: admin@hcgate.com | Subject: RE: Transaction Notification - Payment Details Enclosed | Attachment: None
2026-03-04 10:06:38,656 INFO [paris_sender] (859/1511) Default -> joandisarcina@netscape.net | From: admin@hcgate.com | Subject: RE: Transaction Notification - Payment Details Enclosed | Attachment: None
2026-03-04 10:06:38,656 INFO [paris_sender] (857/1511) Default -> joann.vargas@cs.com | From: admin@hcgate.com | Subject: RE: Transaction Notification - Payment Details Enclosed | Attachment: None
2026-03-04 10:06:38,656 INFO [paris_sender] (858/1511) Default -> joanmediamolle@netscape.net | From: admin@hcgate.com | Subject: RE: Transaction Notification - Payment Details Enclosed | Attachment: None
2026-03-04 10:06:38,676 INFO [paris_sender] (860/1511) Default -> joanarnold@cs.com | From: admin@hcgate.com | Subject: RE: Transaction Notification - Payment Details Enclosed | Attachment: None
2026-03-04 10:06:38,702 INFO [paris_sender] (861/1511) Default -> joanndouros@netscape.net | From: admin@hcgate.com | Subject: RE: Transaction Notification - Payment Details Enclosed | Attachment: None
2026-03-04 10:06:38,702 INFO [paris_sender] (862/1511) Default -> joannardb@cs.com | From: admin@hcgate.com | Subject: RE: Transaction Notification - Payment Details Enclosed | Attachment: None
2026-03-04 10:06:39,507 INFO [paris_sender] (863/1511) Default -> joanbeck@cs.com | From: admin@hcgate.com | Subject: RE: Transaction Notification - Payment Details Enclosed | Attachment: None
2026-03-04 10:06:39,523 INFO [paris_sender] (864/1511) Default -> joanalbrecht1995@aim.com | From: admin@hcgate.com | Subject: RE: Transaction Notification - Payment Details Enclosed | Attachment: None
2026-03-04 10:06:39,527 INFO [paris_sender] (865/1511) Default -> joanbrutkiewicz@cs.com | From: admin@hcgate.com | Subject: RE: Transaction Notification - Payment Details Enclosed | Attachment: None
2026-03-04 10:06:39,539 INFO [paris_sender] (866/1511) Default -> joanmeagher@aim.com | From: admin@hcgate.com | Subject: RE: Transaction Notification - Payment Details Enclosed | Attachment: None
2026-03-04 10:06:39,539 INFO [paris_sender] (867/1511) Default -> joann.cormier@cs.com | From: admin@hcgate.com | Subject: RE: Transaction Notification - Payment Details Enclosed | Attachment: None
2026-03-04 10:06:39,556 INFO [paris_sender] (868/1511) Default -> joanhake@cs.com | From: admin@hcgate.com | Subject: RE: Transaction Notification - Payment Details Enclosed | Attachment: None
2026-03-04 10:06:39,571 INFO [paris_sender] (870/1511) Default -> joanbuchta@wmconnect.com | From: admin@hcgate.com | Subject: RE: Transaction Notification - Payment Details Enclosed | Attachment: None
2026-03-04 10:06:39,571 INFO [paris_sender] (872/1511) Default -> joannbaker@bellatlantic.net | From: admin@hcgate.com | Subject: RE: Transaction Notification - Payment Details Enclosed | Attachment: None
2026-03-04 10:06:39,571 INFO [paris_sender] (869/1511) Default -> joanne.myrick@wmconnect.com | From: admin@hcgate.com | Subject: RE: Transaction Notification - Payment Details Enclosed | Attachment: None
2026-03-04 10:06:39,571 INFO [paris_sender] (871/1511) Default -> joannbiggs@cs.com | From: admin@hcgate.com | Subject: RE: Transaction Notification - Payment Details Enclosed | Attachment: None
2026-03-04 10:06:40,390 INFO [paris_sender] (873/1511) Default -> joanb1@netscape.com | From: admin@hcgate.com | Subject: RE: Transaction Notification - Payment Details Enclosed | Attachment: None
2026-03-04 10:06:40,492 INFO [paris_sender] (874/1511) Default -> joanne.kaufman@netscape.net | From: admin@hcgate.com | Subject: RE: Transaction Notification - Payment Details Enclosed | Attachment: None
2026-03-04 10:06:40,515 INFO [paris_sender] (875/1511) Default -> joanne.demopoulos@cs.com | From: admin@hcgate.com | Subject: RE: Transaction Notification - Payment Details Enclosed | Attachment: None
2026-03-04 10:06:40,524 INFO [paris_sender] (876/1511) Default -> joanne.horvath@netscape.net | From: admin@hcgate.com | Subject: RE: Transaction Notification - Payment Details Enclosed | Attachment: None
2026-03-04 10:06:40,524 INFO [paris_sender] (878/1511) Default -> joanabatzel@cs.com | From: admin@hcgate.com | Subject: RE: Transaction Notification - Payment Details Enclosed | Attachment: None
2026-03-04 10:06:40,524 INFO [paris_sender] (877/1511) Default -> joandias@cs.com | From: admin@hcgate.com | Subject: RE: Transaction Notification - Payment Details Enclosed | Attachment: None
2026-03-04 10:06:40,526 INFO [paris_sender] (879/1511) Default -> joandpk@cs.com | From: admin@hcgate.com | Subject: RE: Transaction Notification - Payment Details Enclosed | Attachment: None
2026-03-04 10:06:40,546 INFO [paris_sender] (880/1511) Default -> joandchatham@cs.com | From: admin@hcgate.com | Subject: RE: Transaction Notification - Payment Details Enclosed | Attachment: None
2026-03-04 10:06:40,546 INFO [paris_sender] (881/1511) Default -> joanne.heger@cs.com | From: admin@hcgate.com | Subject: RE: Transaction Notification - Payment Details Enclosed | Attachment: None
2026-03-04 10:06:40,546 INFO [paris_sender] (882/1511) Default -> joann.powell@aim.com | From: admin@hcgate.com | Subject: RE: Transaction Notification - Payment Details Enclosed | Attachment: None
2026-03-04 10:06:41,259 INFO [paris_sender] (883/1511) Default -> joanne.calvie@gte.net | From: admin@hcgate.com | Subject: RE: Transaction Notification - Payment Details Enclosed | Attachment: None
2026-03-04 10:06:41,260 INFO [paris_sender] (884/1511) Default -> joane1464@netscape.net | From: admin@hcgate.com | Subject: RE: Transaction Notification - Payment Details Enclosed | Attachment: None
2026-03-04 10:06:41,263 INFO [paris_sender] (886/1511) Default -> joanne.carey@bellatlantic.net | From: admin@hcgate.com | Subject: RE: Transaction Notification - Payment Details Enclosed | Attachment: None
2026-03-04 10:06:41,263 INFO [paris_sender] (885/1511) Default -> joannagrundstrom@netscape.net | From: admin@hcgate.com | Subject: RE: Transaction Notification - Payment Details Enclosed | Attachment: None
2026-03-04 10:06:41,286 INFO [paris_sender] (887/1511) Default -> joangp@gte.net | From: admin@hcgate.com | Subject: RE: Transaction Notification - Payment Details Enclosed | Attachment: None
2026-03-04 10:06:41,287 INFO [paris_sender] (888/1511) Default -> joannafraley@cs.com | From: admin@hcgate.com | Subject: RE: Transaction Notification - Payment Details Enclosed | Attachment: None
2026-03-04 10:06:41,296 INFO [paris_sender] (889/1511) Default -> joanna.weir@cs.com | From: admin@hcgate.com | Subject: RE: Transaction Notification - Payment Details Enclosed | Attachment: None
2026-03-04 10:06:41,306 INFO [paris_sender] (891/1511) Default -> joankohlmeyer@netscape.net | From: admin@hcgate.com | Subject: RE: Transaction Notification - Payment Details Enclosed | Attachment: None
2026-03-04 10:06:41,306 INFO [paris_sender] (890/1511) Default -> joanne.donofrio@cs.com | From: admin@hcgate.com | Subject: RE: Transaction Notification - Payment Details Enclosed | Attachment: None
2026-03-04 10:06:41,306 INFO [paris_sender] (892/1511) Default -> joanjenkins@cs.com | From: admin@hcgate.com | Subject: RE: Transaction Notification - Payment Details Enclosed | Attachment: None
2026-03-04 10:06:42,057 INFO [paris_sender] (893/1511) Default -> joanna.charles@netscape.net | From: admin@hcgate.com | Subject: RE: Transaction Notification - Payment Details Enclosed | Attachment: None
2026-03-04 10:06:42,078 INFO [paris_sender] (895/1511) Default -> joann.sorrentino@gte.net | From: admin@hcgate.com | Subject: RE: Transaction Notification - Payment Details Enclosed | Attachment: None
2026-03-04 10:06:42,078 INFO [paris_sender] (894/1511) Default -> joann.letton@gte.net | From: admin@hcgate.com | Subject: RE: Transaction Notification - Payment Details Enclosed | Attachment: None
2026-03-04 10:06:42,090 INFO [paris_sender] (896/1511) Default -> joannahussey@bellatlantic.net | From: admin@hcgate.com | Subject: RE: Transaction Notification - Payment Details Enclosed | Attachment: None
2026-03-04 10:06:42,090 INFO [paris_sender] (897/1511) Default -> joannaparker@cs.com | From: admin@hcgate.com | Subject: RE: Transaction Notification - Payment Details Enclosed | Attachment: None
2026-03-04 10:06:42,127 INFO [paris_sender] (901/1511) Default -> joann.scalo@netscape.net | From: admin@hcgate.com | Subject: RE: Transaction Notification - Payment Details Enclosed | Attachment: None
2026-03-04 10:06:42,127 INFO [paris_sender] (900/1511) Default -> joaneanderson@gte.net | From: admin@hcgate.com | Subject: RE: Transaction Notification - Payment Details Enclosed | Attachment: None
2026-03-04 10:06:42,127 INFO [paris_sender] (898/1511) Default -> joannaman@cs.com | From: admin@hcgate.com | Subject: RE: Transaction Notification - Payment Details Enclosed | Attachment: None
2026-03-04 10:06:42,127 INFO [paris_sender] (899/1511) Default -> joannastamatiades@cs.com | From: admin@hcgate.com | Subject: RE: Transaction Notification - Payment Details Enclosed | Attachment: None
2026-03-04 10:06:42,127 INFO [paris_sender] (902/1511) Default -> joann.ortiz@netscape.net | From: admin@hcgate.com | Subject: RE: Transaction Notification - Payment Details Enclosed | Attachment: None
2026-03-04 10:06:42,906 INFO [paris_sender] (903/1511) Default -> joann.bynum@cs.com | From: admin@hcgate.com | Subject: RE: Transaction Notification - Payment Details Enclosed | Attachment: None
2026-03-04 10:06:42,926 INFO [paris_sender] (904/1511) Default -> joannacatanzaro@wmconnect.com | From: admin@hcgate.com | Subject: RE: Transaction Notification - Payment Details Enclosed | Attachment: None
2026-03-04 10:06:42,926 INFO [paris_sender] (905/1511) Default -> joanne.jubb@cs.com | From: admin@hcgate.com | Subject: RE: Transaction Notification - Payment Details Enclosed | Attachment: None
2026-03-04 10:06:42,939 INFO [paris_sender] (906/1511) Default -> joanne.antilla@gte.net | From: admin@hcgate.com | Subject: RE: Transaction Notification - Payment Details Enclosed | Attachment: None
2026-03-04 10:06:42,939 INFO [paris_sender] (907/1511) Default -> joannasaenz@netscape.net | From: admin@hcgate.com | Subject: RE: Transaction Notification - Payment Details Enclosed | Attachment: None
2026-03-04 10:06:42,956 INFO [paris_sender] (908/1511) Default -> joannaroyal@cs.com | From: admin@hcgate.com | Subject: RE: Transaction Notification - Payment Details Enclosed | Attachment: None
2026-03-04 10:06:42,971 INFO [paris_sender] (910/1511) Default -> joanlk@bellatlantic.net | From: admin@hcgate.com | Subject: RE: Transaction Notification - Payment Details Enclosed | Attachment: None
2026-03-04 10:06:42,971 INFO [paris_sender] (909/1511) Default -> joanne.robbins@cs.com | From: admin@hcgate.com | Subject: RE: Transaction Notification - Payment Details Enclosed | Attachment: None
2026-03-04 10:06:42,971 INFO [paris_sender] (911/1511) Default -> joankauff@wmconnect.com | From: admin@hcgate.com | Subject: RE: Transaction Notification - Payment Details Enclosed | Attachment: None
2026-03-04 10:06:42,971 INFO [paris_sender] (912/1511) Default -> joan_gallicano@cs.com | From: admin@hcgate.com | Subject: RE: Transaction Notification - Payment Details Enclosed | Attachment: None
2026-03-04 10:06:43,791 INFO [paris_sender] (913/1511) Default -> joanday@netscape.net | From: admin@hcgate.com | Subject: RE: Transaction Notification - Payment Details Enclosed | Attachment: None
2026-03-04 10:06:43,791 INFO [paris_sender] (914/1511) Default -> joanchristie@cs.com | From: admin@hcgate.com | Subject: RE: Transaction Notification - Payment Details Enclosed | Attachment: None
2026-03-04 10:06:43,797 INFO [paris_sender] (915/1511) Default -> joanne.fredrickson@netscape.net | From: admin@hcgate.com | Subject: RE: Transaction Notification - Payment Details Enclosed | Attachment: None
2026-03-04 10:06:43,807 INFO [paris_sender] (916/1511) Default -> joan_rrr@gte.net | From: admin@hcgate.com | Subject: RE: Transaction Notification - Payment Details Enclosed | Attachment: None
2026-03-04 10:06:43,807 INFO [paris_sender] (917/1511) Default -> joaniswoodley@cs.com | From: admin@hcgate.com | Subject: RE: Transaction Notification - Payment Details Enclosed | Attachment: None
2026-03-04 10:06:43,828 INFO [paris_sender] (918/1511) Default -> joangoldberg@bellatlantic.net | From: admin@hcgate.com | Subject: RE: Transaction Notification - Payment Details Enclosed | Attachment: None
2026-03-04 10:06:43,840 INFO [paris_sender] (919/1511) Default -> joanna.gibson@netscape.net | From: admin@hcgate.com | Subject: RE: Transaction Notification - Payment Details Enclosed | Attachment: None
2026-03-04 10:06:43,856 INFO [paris_sender] (921/1511) Default -> joanclemens@netscape.com | From: admin@hcgate.com | Subject: RE: Transaction Notification - Payment Details Enclosed | Attachment: None
2026-03-04 10:06:43,856 INFO [paris_sender] (922/1511) Default -> joanne.cagle@gte.net | From: admin@hcgate.com | Subject: RE: Transaction Notification - Payment Details Enclosed | Attachment: None
2026-03-04 10:06:43,856 INFO [paris_sender] (920/1511) Default -> joanearp@netscape.net | From: admin@hcgate.com | Subject: RE: Transaction Notification - Payment Details Enclosed | Attachment: None
2026-03-04 10:06:44,611 INFO [paris_sender] (923/1511) Default -> joanne.vanwart@cs.com | From: admin@hcgate.com | Subject: RE: Transaction Notification - Payment Details Enclosed | Attachment: None
2026-03-04 10:06:44,611 INFO [paris_sender] (924/1511) Default -> joangonzales@netscape.net | From: admin@hcgate.com | Subject: RE: Transaction Notification - Payment Details Enclosed | Attachment: None
2026-03-04 10:06:44,611 INFO [paris_sender] (925/1511) Default -> joanklacik@netscape.net | From: admin@hcgate.com | Subject: RE: Transaction Notification - Payment Details Enclosed | Attachment: None
2026-03-04 10:06:44,626 INFO [paris_sender] (926/1511) Default -> joandrol@netscape.com | From: admin@hcgate.com | Subject: RE: Transaction Notification - Payment Details Enclosed | Attachment: None
2026-03-04 10:06:44,626 INFO [paris_sender] (927/1511) Default -> joannamill8@netscape.net | From: admin@hcgate.com | Subject: RE: Transaction Notification - Payment Details Enclosed | Attachment: None
2026-03-04 10:06:44,643 INFO [paris_sender] (928/1511) Default -> joanapitz@cs.com | From: admin@hcgate.com | Subject: RE: Transaction Notification - Payment Details Enclosed | Attachment: None
2026-03-04 10:06:44,658 INFO [paris_sender] (929/1511) Default -> joancaudill@netscape.net | From: admin@hcgate.com | Subject: RE: Transaction Notification - Payment Details Enclosed | Attachment: None
2026-03-04 10:06:44,658 INFO [paris_sender] (930/1511) Default -> joanne.socha@netscape.net | From: admin@hcgate.com | Subject: RE: Transaction Notification - Payment Details Enclosed | Attachment: None
2026-03-04 10:06:44,658 INFO [paris_sender] (931/1511) Default -> joannayoung@bellatlantic.net | From: admin@hcgate.com | Subject: RE: Transaction Notification - Payment Details Enclosed | Attachment: None
2026-03-04 10:06:44,658 INFO [paris_sender] (932/1511) Default -> joannabower@cs.com | From: admin@hcgate.com | Subject: RE: Transaction Notification - Payment Details Enclosed | Attachment: None
2026-03-04 10:06:45,435 INFO [paris_sender] (933/1511) Default -> joanmispley@netscape.net | From: admin@hcgate.com | Subject: RE: Transaction Notification - Payment Details Enclosed | Attachment: None
2026-03-04 10:06:45,453 INFO [paris_sender] (934/1511) Default -> joann_lord@netscape.net | From: admin@hcgate.com | Subject: RE: Transaction Notification - Payment Details Enclosed | Attachment: None
2026-03-04 10:06:45,453 INFO [paris_sender] (936/1511) Default -> joanmillings@cs.com | From: admin@hcgate.com | Subject: RE: Transaction Notification - Payment Details Enclosed | Attachment: None
2026-03-04 10:06:45,453 INFO [paris_sender] (935/1511) Default -> joann.albers@netscape.net | From: admin@hcgate.com | Subject: RE: Transaction Notification - Payment Details Enclosed | Attachment: None
2026-03-04 10:06:45,453 INFO [paris_sender] (937/1511) Default -> joannalston@netscape.net | From: admin@hcgate.com | Subject: RE: Transaction Notification - Payment Details Enclosed | Attachment: None
2026-03-04 10:06:45,467 INFO [paris_sender] (938/1511) Default -> joann.volker@cs.com | From: admin@hcgate.com | Subject: RE: Transaction Notification - Payment Details Enclosed | Attachment: None
2026-03-04 10:06:45,467 INFO [paris_sender] (939/1511) Default -> joann.knight@cs.com | From: admin@hcgate.com | Subject: RE: Transaction Notification - Payment Details Enclosed | Attachment: None
2026-03-04 10:06:45,476 INFO [paris_sender] (940/1511) Default -> joann.maestas@netscape.net | From: admin@hcgate.com | Subject: RE: Transaction Notification - Payment Details Enclosed | Attachment: None
2026-03-04 10:06:45,500 INFO [paris_sender] (941/1511) Default -> joanbl@cs.com | From: admin@hcgate.com | Subject: RE: Transaction Notification - Payment Details Enclosed | Attachment: None
2026-03-04 10:06:45,500 INFO [paris_sender] (942/1511) Default -> joanbaxter@cs.com | From: admin@hcgate.com | Subject: RE: Transaction Notification - Payment Details Enclosed | Attachment: None
2026-03-04 10:06:46,280 INFO [paris_sender] (943/1511) Default -> joanhartman@cs.com | From: admin@hcgate.com | Subject: RE: Transaction Notification - Payment Details Enclosed | Attachment: None
2026-03-04 10:06:46,280 INFO [paris_sender] (944/1511) Default -> joancherubini@netscape.net | From: admin@hcgate.com | Subject: RE: Transaction Notification - Payment Details Enclosed | Attachment: None
2026-03-04 10:06:46,327 INFO [paris_sender] (946/1511) Default -> joanie.ehlers@wmconnect.com | From: admin@hcgate.com | Subject: RE: Transaction Notification - Payment Details Enclosed | Attachment: None
2026-03-04 10:06:46,327 INFO [paris_sender] (945/1511) Default -> joannblackjohnson@compuserve.com | From: admin@hcgate.com | Subject: RE: Transaction Notification - Payment Details Enclosed | Attachment: None
2026-03-04 10:06:46,333 INFO [paris_sender] (948/1511) Default -> joanbrnc4@compuserve.com | From: admin@hcgate.com | Subject: RE: Transaction Notification - Payment Details Enclosed | Attachment: None
2026-03-04 10:06:46,333 INFO [paris_sender] (949/1511) Default -> joanna.farrington@netscape.net | From: admin@hcgate.com | Subject: RE: Transaction Notification - Payment Details Enclosed | Attachment: None
2026-03-04 10:06:46,359 INFO [paris_sender] (947/1511) Default -> joanne.frittitta@wmconnect.com | From: admin@hcgate.com | Subject: RE: Transaction Notification - Payment Details Enclosed | Attachment: None
2026-03-04 10:06:46,377 INFO [paris_sender] (950/1511) Default -> joana.sanchez@cs.com | From: admin@hcgate.com | Subject: RE: Transaction Notification - Payment Details Enclosed | Attachment: None
2026-03-04 10:06:46,377 INFO [paris_sender] (951/1511) Default -> joanne.kershner@cs.com | From: admin@hcgate.com | Subject: RE: Transaction Notification - Payment Details Enclosed | Attachment: None
2026-03-04 10:06:46,377 INFO [paris_sender] (952/1511) Default -> joann.fisher@cs.com | From: admin@hcgate.com | Subject: RE: Transaction Notification - Payment Details Enclosed | Attachment: None
2026-03-04 10:06:47,101 INFO [paris_sender] (953/1511) Default -> joancoch47@bellatlantic.net | From: admin@hcgate.com | Subject: RE: Transaction Notification - Payment Details Enclosed | Attachment: None
2026-03-04 10:06:47,117 INFO [paris_sender] (954/1511) Default -> joannabankhead@netscape.net | From: admin@hcgate.com | Subject: RE: Transaction Notification - Payment Details Enclosed | Attachment: None
2026-03-04 10:06:47,141 INFO [paris_sender] (956/1511) Default -> joannarobinett@netscape.net | From: admin@hcgate.com | Subject: RE: Transaction Notification - Payment Details Enclosed | Attachment: None
2026-03-04 10:06:47,141 INFO [paris_sender] (955/1511) Default -> joann.hamilton@netscape.net | From: admin@hcgate.com | Subject: RE: Transaction Notification - Payment Details Enclosed | Attachment: None
2026-03-04 10:06:47,150 INFO [paris_sender] (957/1511) Default -> joanne.woods@netscape.net | From: admin@hcgate.com | Subject: RE: Transaction Notification - Payment Details Enclosed | Attachment: None
2026-03-04 10:06:47,174 INFO [paris_sender] (959/1511) Default -> joanne.page@netscape.net | From: admin@hcgate.com | Subject: RE: Transaction Notification - Payment Details Enclosed | Attachment: None
2026-03-04 10:06:47,176 INFO [paris_sender] (960/1511) Default -> joanne.campbell@cs.com | From: admin@hcgate.com | Subject: RE: Transaction Notification - Payment Details Enclosed | Attachment: None
2026-03-04 10:06:47,176 INFO [paris_sender] (958/1511) Default -> joannconcannon@netscape.net | From: admin@hcgate.com | Subject: RE: Transaction Notification - Payment Details Enclosed | Attachment: None
2026-03-04 10:06:47,176 INFO [paris_sender] (961/1511) Default -> joanisenberg@cs.com | From: admin@hcgate.com | Subject: RE: Transaction Notification - Payment Details Enclosed | Attachment: None
2026-03-04 10:06:47,253 INFO [paris_sender] (962/1511) Default -> joanna.goldstein@netscape.net | From: admin@hcgate.com | Subject: RE: Transaction Notification - Payment Details Enclosed | Attachment: None
2026-03-04 10:06:47,987 INFO [paris_sender] (964/1511) Default -> joanne.ruehlen@cs.com | From: admin@hcgate.com | Subject: RE: Transaction Notification - Payment Details Enclosed | Attachment: None
2026-03-04 10:06:47,987 INFO [paris_sender] (963/1511) Default -> joankeating@cs.com | From: admin@hcgate.com | Subject: RE: Transaction Notification - Payment Details Enclosed | Attachment: None
2026-03-04 10:06:47,987 INFO [paris_sender] (965/1511) Default -> joann624@compuserve.com | From: admin@hcgate.com | Subject: RE: Transaction Notification - Payment Details Enclosed | Attachment: None
2026-03-04 10:06:47,996 INFO [paris_sender] (966/1511) Default -> joank@cs.com | From: admin@hcgate.com | Subject: RE: Transaction Notification - Payment Details Enclosed | Attachment: None
2026-03-04 10:06:47,996 INFO [paris_sender] (967/1511) Default -> joanne.beck@netscape.net | From: admin@hcgate.com | Subject: RE: Transaction Notification - Payment Details Enclosed | Attachment: None
2026-03-04 10:06:48,015 INFO [paris_sender] (968/1511) Default -> joanne.cordova@netscape.net | From: admin@hcgate.com | Subject: RE: Transaction Notification - Payment Details Enclosed | Attachment: None
2026-03-04 10:06:48,029 INFO [paris_sender] (970/1511) Default -> joanduke@gte.net | From: admin@hcgate.com | Subject: RE: Transaction Notification - Payment Details Enclosed | Attachment: None
2026-03-04 10:06:48,047 INFO [paris_sender] (969/1511) Default -> joannazzi@cs.com | From: admin@hcgate.com | Subject: RE: Transaction Notification - Payment Details Enclosed | Attachment: None
2026-03-04 10:06:48,047 INFO [paris_sender] (972/1511) Default -> joanna.schneider@cs.com | From: admin@hcgate.com | Subject: RE: Transaction Notification - Payment Details Enclosed | Attachment: None
2026-03-04 10:06:48,047 INFO [paris_sender] (971/1511) Default -> joanne.olson@netscape.net | From: admin@hcgate.com | Subject: RE: Transaction Notification - Payment Details Enclosed | Attachment: None
2026-03-04 10:06:48,962 INFO [paris_sender] (973/1511) Default -> joann.evans@wmconnect.com | From: admin@hcgate.com | Subject: RE: Transaction Notification - Payment Details Enclosed | Attachment: None
2026-03-04 10:06:48,978 INFO [paris_sender] (974/1511) Default -> joann989@cs.com | From: admin@hcgate.com | Subject: RE: Transaction Notification - Payment Details Enclosed | Attachment: None
2026-03-04 10:06:48,989 INFO [paris_sender] (975/1511) Default -> joannbanks@gte.net | From: admin@hcgate.com | Subject: RE: Transaction Notification - Payment Details Enclosed | Attachment: None
2026-03-04 10:06:48,994 INFO [paris_sender] (976/1511) Default -> joannbellamy_98@wmconnect.com | From: admin@hcgate.com | Subject: RE: Transaction Notification - Payment Details Enclosed | Attachment: None
2026-03-04 10:06:49,015 INFO [paris_sender] (977/1511) Default -> joanna.saunders@gte.net | From: admin@hcgate.com | Subject: RE: Transaction Notification - Payment Details Enclosed | Attachment: None
2026-03-04 10:06:49,026 INFO [paris_sender] (978/1511) Default -> joann.hamway@netscape.net | From: admin@hcgate.com | Subject: RE: Transaction Notification - Payment Details Enclosed | Attachment: None
2026-03-04 10:06:49,026 INFO [paris_sender] (980/1511) Default -> joanalma@netscape.net | From: admin@hcgate.com | Subject: RE: Transaction Notification - Payment Details Enclosed | Attachment: None
2026-03-04 10:06:49,026 INFO [paris_sender] (979/1511) Default -> joann.metz@netscape.net | From: admin@hcgate.com | Subject: RE: Transaction Notification - Payment Details Enclosed | Attachment: None
2026-03-04 10:06:49,026 INFO [paris_sender] (981/1511) Default -> joankitty7@cs.com | From: admin@hcgate.com | Subject: RE: Transaction Notification - Payment Details Enclosed | Attachment: None
2026-03-04 10:06:49,688 INFO [paris_sender] (982/1511) Default -> joanne.rudd@cs.com | From: admin@hcgate.com | Subject: RE: Transaction Notification - Payment Details Enclosed | Attachment: None
2026-03-04 10:06:49,703 INFO [paris_sender] (983/1511) Default -> joanna.higgins@cs.com | From: admin@hcgate.com | Subject: RE: Transaction Notification - Payment Details Enclosed | Attachment: None
2026-03-04 10:06:49,719 INFO [paris_sender] (984/1511) Default -> joanda102@cs.com | From: admin@hcgate.com | Subject: RE: Transaction Notification - Payment Details Enclosed | Attachment: None
2026-03-04 10:06:49,719 INFO [paris_sender] (985/1511) Default -> joanna1082@cs.com | From: admin@hcgate.com | Subject: RE: Transaction Notification - Payment Details Enclosed | Attachment: None
2026-03-04 10:06:49,734 INFO [paris_sender] (986/1511) Default -> joanbud@cs.com | From: admin@hcgate.com | Subject: RE: Transaction Notification - Payment Details Enclosed | Attachment: None
2026-03-04 10:06:49,734 INFO [paris_sender] (987/1511) Default -> joanne.fortier@netscape.net | From: admin@hcgate.com | Subject: RE: Transaction Notification - Payment Details Enclosed | Attachment: None
2026-03-04 10:06:49,750 INFO [paris_sender] (989/1511) Default -> joanc1226@aim.com | From: admin@hcgate.com | Subject: RE: Transaction Notification - Payment Details Enclosed | Attachment: None
2026-03-04 10:06:49,750 INFO [paris_sender] (990/1511) Default -> joannahutko@cs.com | From: admin@hcgate.com | Subject: RE: Transaction Notification - Payment Details Enclosed | Attachment: None
2026-03-04 10:06:49,750 INFO [paris_sender] (988/1511) Default -> joanndupree@netscape.net | From: admin@hcgate.com | Subject: RE: Transaction Notification - Payment Details Enclosed | Attachment: None
2026-03-04 10:06:49,817 INFO [paris_sender] (991/1511) Default -> joann.baker@netscape.net | From: admin@hcgate.com | Subject: RE: Transaction Notification - Payment Details Enclosed | Attachment: None
2026-03-04 10:06:50,494 INFO [paris_sender] (992/1511) Default -> joanharr63@netscape.com | From: admin@hcgate.com | Subject: RE: Transaction Notification - Payment Details Enclosed | Attachment: None
2026-03-04 10:06:50,515 INFO [paris_sender] (993/1511) Default -> joanne.anderson@gte.net | From: admin@hcgate.com | Subject: RE: Transaction Notification - Payment Details Enclosed | Attachment: None
2026-03-04 10:06:50,515 INFO [paris_sender] (994/1511) Default -> joanne.abruzzese@netscape.net | From: admin@hcgate.com | Subject: RE: Transaction Notification - Payment Details Enclosed | Attachment: None
2026-03-04 10:06:50,515 INFO [paris_sender] (995/1511) Default -> joanna.merriott@gte.net | From: admin@hcgate.com | Subject: RE: Transaction Notification - Payment Details Enclosed | Attachment: None
2026-03-04 10:06:50,515 INFO [paris_sender] (996/1511) Default -> joanne.caudill@netscape.net | From: admin@hcgate.com | Subject: RE: Transaction Notification - Payment Details Enclosed | Attachment: None
2026-03-04 10:06:50,527 INFO [paris_sender] (997/1511) Default -> joanne.ziolkowski@netscape.net | From: admin@hcgate.com | Subject: RE: Transaction Notification - Payment Details Enclosed | Attachment: None
2026-03-04 10:06:50,542 INFO [paris_sender] (998/1511) Default -> joannabass@netscape.net | From: admin@hcgate.com | Subject: RE: Transaction Notification - Payment Details Enclosed | Attachment: None
2026-03-04 10:06:50,547 INFO [paris_sender] (999/1511) Default -> joannafoltz@wmconnect.com | From: admin@hcgate.com | Subject: RE: Transaction Notification - Payment Details Enclosed | Attachment: None
2026-03-04 10:06:50,558 INFO [paris_sender] (1000/1511) Default -> joannadupont@netscape.net | From: admin@hcgate.com | Subject: RE: Transaction Notification - Payment Details Enclosed | Attachment: None
2026-03-04 10:06:50,576 INFO [paris_sender] (1001/1511) Default -> joannabartholomew@netscape.net | From: admin@hcgate.com | Subject: RE: Transaction Notification - Payment Details Enclosed | Attachment: None
2026-03-04 10:06:51,428 INFO [paris_sender] (1002/1511) Default -> joannaslyter@netscape.net | From: admin@hcgate.com | Subject: RE: Transaction Notification - Payment Details Enclosed | Attachment: None
2026-03-04 10:06:51,428 INFO [paris_sender] (1003/1511) Default -> joanlyer@netscape.com | From: admin@hcgate.com | Subject: RE: Transaction Notification - Payment Details Enclosed | Attachment: None
2026-03-04 10:06:51,442 INFO [paris_sender] (1004/1511) Default -> joanne.medlock@cs.com | From: admin@hcgate.com | Subject: RE: Transaction Notification - Payment Details Enclosed | Attachment: None
2026-03-04 10:06:51,459 INFO [paris_sender] (1005/1511) Default -> joannaberes@netscape.net | From: admin@hcgate.com | Subject: RE: Transaction Notification - Payment Details Enclosed | Attachment: None
2026-03-04 10:06:51,459 INFO [paris_sender] (1006/1511) Default -> joanne.ives@cs.com | From: admin@hcgate.com | Subject: RE: Transaction Notification - Payment Details Enclosed | Attachment: None
2026-03-04 10:06:51,476 INFO [paris_sender] (1008/1511) Default -> joan_harmon@cs.com | From: admin@hcgate.com | Subject: RE: Transaction Notification - Payment Details Enclosed | Attachment: None
2026-03-04 10:06:51,476 INFO [paris_sender] (1007/1511) Default -> joannaayers@cs.com | From: admin@hcgate.com | Subject: RE: Transaction Notification - Payment Details Enclosed | Attachment: None
2026-03-04 10:06:51,491 INFO [paris_sender] (1009/1511) Default -> joangodbey@cs.com | From: admin@hcgate.com | Subject: RE: Transaction Notification - Payment Details Enclosed | Attachment: None
2026-03-04 10:06:51,507 INFO [paris_sender] (1010/1511) Default -> joanchamberlain@netscape.net | From: admin@hcgate.com | Subject: RE: Transaction Notification - Payment Details Enclosed | Attachment: None
2026-03-04 10:06:51,516 INFO [paris_sender] (1011/1511) Default -> joannaknox@netscape.net | From: admin@hcgate.com | Subject: RE: Transaction Notification - Payment Details Enclosed | Attachment: None
2026-03-04 10:06:52,213 INFO [paris_sender] (1012/1511) Default -> joanne.arrington@netscape.net | From: admin@hcgate.com | Subject: RE: Transaction Notification - Payment Details Enclosed | Attachment: None
2026-03-04 10:06:52,213 INFO [paris_sender] (1013/1511) Default -> joanncatalano@netscape.net | From: admin@hcgate.com | Subject: RE: Transaction Notification - Payment Details Enclosed | Attachment: None
2026-03-04 10:06:52,227 INFO [paris_sender] (1014/1511) Default -> joandoylea4a@cs.com | From: admin@hcgate.com | Subject: RE: Transaction Notification - Payment Details Enclosed | Attachment: None
2026-03-04 10:06:52,234 INFO [paris_sender] (1016/1511) Default -> joanjmcgeesmom@cs.com | From: admin@hcgate.com | Subject: RE: Transaction Notification - Payment Details Enclosed | Attachment: None
2026-03-04 10:06:52,234 INFO [paris_sender] (1015/1511) Default -> joannahennessy@netscape.com | From: admin@hcgate.com | Subject: RE: Transaction Notification - Payment Details Enclosed | Attachment: None
2026-03-04 10:06:52,246 INFO [paris_sender] (1017/1511) Default -> joanart8280@cs.com | From: admin@hcgate.com | Subject: RE: Transaction Notification - Payment Details Enclosed | Attachment: None
2026-03-04 10:06:52,271 INFO [paris_sender] (1019/1511) Default -> joanne.luna@cs.com | From: admin@hcgate.com | Subject: RE: Transaction Notification - Payment Details Enclosed | Attachment: None
2026-03-04 10:06:52,271 INFO [paris_sender] (1018/1511) Default -> joana.ford@cs.com | From: admin@hcgate.com | Subject: RE: Transaction Notification - Payment Details Enclosed | Attachment: None
2026-03-04 10:06:52,280 INFO [paris_sender] (1020/1511) Default -> joanne.frederick@gte.net | From: admin@hcgate.com | Subject: RE: Transaction Notification - Payment Details Enclosed | Attachment: None
2026-03-04 10:06:52,285 INFO [paris_sender] (1021/1511) Default -> joanne.randall@cs.com | From: admin@hcgate.com | Subject: RE: Transaction Notification - Payment Details Enclosed | Attachment: None
2026-03-04 10:06:53,003 INFO [paris_sender] (1022/1511) Default -> joann.reynolds@netscape.net | From: admin@hcgate.com | Subject: RE: Transaction Notification - Payment Details Enclosed | Attachment: None
2026-03-04 10:06:53,019 INFO [paris_sender] (1023/1511) Default -> joanknox@gte.net | From: admin@hcgate.com | Subject: RE: Transaction Notification - Payment Details Enclosed | Attachment: None
2026-03-04 10:06:53,019 INFO [paris_sender] (1024/1511) Default -> joannc1414@netscape.com | From: admin@hcgate.com | Subject: RE: Transaction Notification - Payment Details Enclosed | Attachment: None
2026-03-04 10:06:53,019 INFO [paris_sender] (1025/1511) Default -> joanhale@netscape.net | From: admin@hcgate.com | Subject: RE: Transaction Notification - Payment Details Enclosed | Attachment: None
2026-03-04 10:06:53,036 INFO [paris_sender] (1026/1511) Default -> joannchoisser@netscape.net | From: admin@hcgate.com | Subject: RE: Transaction Notification - Payment Details Enclosed | Attachment: None
2026-03-04 10:06:53,036 INFO [paris_sender] (1027/1511) Default -> joanguarino@cs.com | From: admin@hcgate.com | Subject: RE: Transaction Notification - Payment Details Enclosed | Attachment: None
2026-03-04 10:06:53,036 INFO [paris_sender] (1028/1511) Default -> joanholloman@cs.com | From: admin@hcgate.com | Subject: RE: Transaction Notification - Payment Details Enclosed | Attachment: None
2026-03-04 10:06:53,052 INFO [paris_sender] (1029/1511) Default -> joannarosas@cs.com | From: admin@hcgate.com | Subject: RE: Transaction Notification - Payment Details Enclosed | Attachment: None
2026-03-04 10:06:53,068 INFO [paris_sender] (1030/1511) Default -> joangaffney@netscape.net | From: admin@hcgate.com | Subject: RE: Transaction Notification - Payment Details Enclosed | Attachment: None
2026-03-04 10:06:53,068 INFO [paris_sender] (1031/1511) Default -> joankimlin@netscape.net | From: admin@hcgate.com | Subject: RE: Transaction Notification - Payment Details Enclosed | Attachment: None
2026-03-04 10:06:53,859 INFO [paris_sender] (1032/1511) Default -> joannakamura@cs.com | From: admin@hcgate.com | Subject: RE: Transaction Notification - Payment Details Enclosed | Attachment: None
2026-03-04 10:06:53,863 INFO [paris_sender] (1033/1511) Default -> joanne.devine@cs.com | From: admin@hcgate.com | Subject: RE: Transaction Notification - Payment Details Enclosed | Attachment: None
2026-03-04 10:06:53,879 INFO [paris_sender] (1034/1511) Default -> joanna.massey@netscape.net | From: admin@hcgate.com | Subject: RE: Transaction Notification - Payment Details Enclosed | Attachment: None
2026-03-04 10:06:53,879 INFO [paris_sender] (1035/1511) Default -> joanne092787@cs.com | From: admin@hcgate.com | Subject: RE: Transaction Notification - Payment Details Enclosed | Attachment: None
2026-03-04 10:06:53,879 INFO [paris_sender] (1036/1511) Default -> joannahernandez@netscape.net | From: admin@hcgate.com | Subject: RE: Transaction Notification - Payment Details Enclosed | Attachment: None
2026-03-04 10:06:53,896 INFO [paris_sender] (1037/1511) Default -> joanna.hendricks@netscape.net | From: admin@hcgate.com | Subject: RE: Transaction Notification - Payment Details Enclosed | Attachment: None
2026-03-04 10:06:53,896 INFO [paris_sender] (1038/1511) Default -> joannatyler@netscape.net | From: admin@hcgate.com | Subject: RE: Transaction Notification - Payment Details Enclosed | Attachment: None
2026-03-04 10:06:53,912 INFO [paris_sender] (1040/1511) Default -> joane@cs.com | From: admin@hcgate.com | Subject: RE: Transaction Notification - Payment Details Enclosed | Attachment: None
2026-03-04 10:06:53,912 INFO [paris_sender] (1039/1511) Default -> joanne.barresi@cs.com | From: admin@hcgate.com | Subject: RE: Transaction Notification - Payment Details Enclosed | Attachment: None
2026-03-04 10:06:53,912 INFO [paris_sender] (1041/1511) Default -> joannchern@cs.com | From: admin@hcgate.com | Subject: RE: Transaction Notification - Payment Details Enclosed | Attachment: None
2026-03-04 10:06:54,705 INFO [paris_sender] (1042/1511) Default -> joanne.considine@cs.com | From: admin@hcgate.com | Subject: RE: Transaction Notification - Payment Details Enclosed | Attachment: None
2026-03-04 10:06:54,709 INFO [paris_sender] (1043/1511) Default -> joanna.smore@netscape.net | From: admin@hcgate.com | Subject: RE: Transaction Notification - Payment Details Enclosed | Attachment: None
2026-03-04 10:06:54,734 INFO [paris_sender] (1046/1511) Default -> joanasch@compuserve.com | From: admin@hcgate.com | Subject: RE: Transaction Notification - Payment Details Enclosed | Attachment: None
2026-03-04 10:06:54,734 INFO [paris_sender] (1044/1511) Default -> joanne.eberhardt@gte.net | From: admin@hcgate.com | Subject: RE: Transaction Notification - Payment Details Enclosed | Attachment: None
2026-03-04 10:06:54,734 INFO [paris_sender] (1045/1511) Default -> joann.ingle@netscape.net | From: admin@hcgate.com | Subject: RE: Transaction Notification - Payment Details Enclosed | Attachment: None
2026-03-04 10:06:54,742 INFO [paris_sender] (1048/1511) Default -> joanjefferson@netscape.net | From: admin@hcgate.com | Subject: RE: Transaction Notification - Payment Details Enclosed | Attachment: None
2026-03-04 10:06:54,742 INFO [paris_sender] (1049/1511) Default -> joanne.gray@cs.com | From: admin@hcgate.com | Subject: RE: Transaction Notification - Payment Details Enclosed | Attachment: None
2026-03-04 10:06:54,742 INFO [paris_sender] (1047/1511) Default -> joancuellar@netscape.net | From: admin@hcgate.com | Subject: RE: Transaction Notification - Payment Details Enclosed | Attachment: None
2026-03-04 10:06:54,742 INFO [paris_sender] (1050/1511) Default -> joanne.nelson2@gte.net | From: admin@hcgate.com | Subject: RE: Transaction Notification - Payment Details Enclosed | Attachment: None
2026-03-04 10:06:54,742 INFO [paris_sender] (1051/1511) Default -> joanhumphrey@netscape.net | From: admin@hcgate.com | Subject: RE: Transaction Notification - Payment Details Enclosed | Attachment: None
2026-03-04 10:06:55,564 INFO [paris_sender] (1052/1511) Default -> joanfc@netscape.com | From: admin@hcgate.com | Subject: RE: Transaction Notification - Payment Details Enclosed | Attachment: None
2026-03-04 10:06:55,583 INFO [paris_sender] (1053/1511) Default -> joaneichholz@netscape.net | From: admin@hcgate.com | Subject: RE: Transaction Notification - Payment Details Enclosed | Attachment: None
2026-03-04 10:06:55,586 INFO [paris_sender] (1054/1511) Default -> joanne.gregg@gte.net | From: admin@hcgate.com | Subject: RE: Transaction Notification - Payment Details Enclosed | Attachment: None
2026-03-04 10:06:55,599 INFO [paris_sender] (1055/1511) Default -> joancasale@netscape.net | From: admin@hcgate.com | Subject: RE: Transaction Notification - Payment Details Enclosed | Attachment: None
2026-03-04 10:06:55,599 INFO [paris_sender] (1056/1511) Default -> joannabreeding@netscape.net | From: admin@hcgate.com | Subject: RE: Transaction Notification - Payment Details Enclosed | Attachment: None
2026-03-04 10:06:55,599 INFO [paris_sender] (1057/1511) Default -> joannburt@netscape.com | From: admin@hcgate.com | Subject: RE: Transaction Notification - Payment Details Enclosed | Attachment: None
2026-03-04 10:06:55,609 INFO [paris_sender] (1058/1511) Default -> joanbillerbeck@netscape.net | From: admin@hcgate.com | Subject: RE: Transaction Notification - Payment Details Enclosed | Attachment: None
2026-03-04 10:06:55,639 INFO [paris_sender] (1059/1511) Default -> joanmeyers@cs.com | From: admin@hcgate.com | Subject: RE: Transaction Notification - Payment Details Enclosed | Attachment: None
2026-03-04 10:06:55,639 INFO [paris_sender] (1060/1511) Default -> joanfowler@netscape.net | From: admin@hcgate.com | Subject: RE: Transaction Notification - Payment Details Enclosed | Attachment: None
2026-03-04 10:06:55,639 INFO [paris_sender] (1061/1511) Default -> joanburnham@cs.com | From: admin@hcgate.com | Subject: RE: Transaction Notification - Payment Details Enclosed | Attachment: None
2026-03-04 10:06:56,458 INFO [paris_sender] (1062/1511) Default -> joann.davis@netscape.net | From: admin@hcgate.com | Subject: RE: Transaction Notification - Payment Details Enclosed | Attachment: None
2026-03-04 10:06:56,458 INFO [paris_sender] (1063/1511) Default -> joanjohnson@cs.com | From: admin@hcgate.com | Subject: RE: Transaction Notification - Payment Details Enclosed | Attachment: None
2026-03-04 10:06:56,476 INFO [paris_sender] (1064/1511) Default -> joangecina@netscape.net | From: admin@hcgate.com | Subject: RE: Transaction Notification - Payment Details Enclosed | Attachment: None
2026-03-04 10:06:56,491 INFO [paris_sender] (1065/1511) Default -> joanne.gold@gte.net | From: admin@hcgate.com | Subject: RE: Transaction Notification - Payment Details Enclosed | Attachment: None
2026-03-04 10:06:56,491 INFO [paris_sender] (1066/1511) Default -> joanathay@netscape.net | From: admin@hcgate.com | Subject: RE: Transaction Notification - Payment Details Enclosed | Attachment: None
2026-03-04 10:06:56,491 INFO [paris_sender] (1067/1511) Default -> joann.lindsey@netscape.net | From: admin@hcgate.com | Subject: RE: Transaction Notification - Payment Details Enclosed | Attachment: None
2026-03-04 10:06:56,501 INFO [paris_sender] (1068/1511) Default -> joann.reese@netscape.net | From: admin@hcgate.com | Subject: RE: Transaction Notification - Payment Details Enclosed | Attachment: None
2026-03-04 10:06:56,523 INFO [paris_sender] (1069/1511) Default -> joanna.daugherty@cs.com | From: admin@hcgate.com | Subject: RE: Transaction Notification - Payment Details Enclosed | Attachment: None
2026-03-04 10:06:56,526 INFO [paris_sender] (1070/1511) Default -> joanbcruz@cs.com | From: admin@hcgate.com | Subject: RE: Transaction Notification - Payment Details Enclosed | Attachment: None
2026-03-04 10:06:56,526 INFO [paris_sender] (1071/1511) Default -> joanbarth@cs.com | From: admin@hcgate.com | Subject: RE: Transaction Notification - Payment Details Enclosed | Attachment: None
2026-03-04 10:06:57,300 INFO [paris_sender] (1072/1511) Default -> joannbta@compuserve.com | From: admin@hcgate.com | Subject: RE: Transaction Notification - Payment Details Enclosed | Attachment: None
2026-03-04 10:06:57,306 INFO [paris_sender] (1073/1511) Default -> joann.casino@netscape.com | From: admin@hcgate.com | Subject: RE: Transaction Notification - Payment Details Enclosed | Attachment: None
2026-03-04 10:06:57,322 INFO [paris_sender] (1074/1511) Default -> joanne.cole@netscape.net | From: admin@hcgate.com | Subject: RE: Transaction Notification - Payment Details Enclosed | Attachment: None
2026-03-04 10:06:57,338 INFO [paris_sender] (1075/1511) Default -> joanne.johnson@netscape.com | From: admin@hcgate.com | Subject: RE: Transaction Notification - Payment Details Enclosed | Attachment: None
2026-03-04 10:06:57,350 INFO [paris_sender] (1076/1511) Default -> joanne.keenan@cs.com | From: admin@hcgate.com | Subject: RE: Transaction Notification - Payment Details Enclosed | Attachment: None
2026-03-04 10:06:57,356 INFO [paris_sender] (1077/1511) Default -> joanne.cline@cs.com | From: admin@hcgate.com | Subject: RE: Transaction Notification - Payment Details Enclosed | Attachment: None
2026-03-04 10:06:57,359 INFO [paris_sender] (1078/1511) Default -> joanmike@bellatlantic.net | From: admin@hcgate.com | Subject: RE: Transaction Notification - Payment Details Enclosed | Attachment: None
2026-03-04 10:06:57,359 INFO [paris_sender] (1079/1511) Default -> joanmbohan@netscape.net | From: admin@hcgate.com | Subject: RE: Transaction Notification - Payment Details Enclosed | Attachment: None
2026-03-04 10:06:57,359 INFO [paris_sender] (1080/1511) Default -> joannberzett@netscape.net | From: admin@hcgate.com | Subject: RE: Transaction Notification - Payment Details Enclosed | Attachment: None
2026-03-04 10:06:57,359 INFO [paris_sender] (1081/1511) Default -> joann.gainey@wmconnect.com | From: admin@hcgate.com | Subject: RE: Transaction Notification - Payment Details Enclosed | Attachment: None
2026-03-04 10:06:58,172 INFO [paris_sender] (1082/1511) Default -> joannapre03@aim.com | From: admin@hcgate.com | Subject: RE: Transaction Notification - Payment Details Enclosed | Attachment: None
2026-03-04 10:06:58,191 INFO [paris_sender] (1084/1511) Default -> joangreenlee@netscape.net | From: admin@hcgate.com | Subject: RE: Transaction Notification - Payment Details Enclosed | Attachment: None
2026-03-04 10:06:58,191 INFO [paris_sender] (1083/1511) Default -> joanapowell@cs.com | From: admin@hcgate.com | Subject: RE: Transaction Notification - Payment Details Enclosed | Attachment: None
2026-03-04 10:06:58,202 INFO [paris_sender] (1085/1511) Default -> joann.scott@cs.com | From: admin@hcgate.com | Subject: RE: Transaction Notification - Payment Details Enclosed | Attachment: None
2026-03-04 10:06:58,207 INFO [paris_sender] (1087/1511) Default -> joanantognoni@cs.com | From: admin@hcgate.com | Subject: RE: Transaction Notification - Payment Details Enclosed | Attachment: None
2026-03-04 10:06:58,226 INFO [paris_sender] (1086/1511) Default -> joann.sipes@netscape.net | From: admin@hcgate.com | Subject: RE: Transaction Notification - Payment Details Enclosed | Attachment: None
2026-03-04 10:06:58,226 INFO [paris_sender] (1088/1511) Default -> joannasingletary@cs.com | From: admin@hcgate.com | Subject: RE: Transaction Notification - Payment Details Enclosed | Attachment: None
2026-03-04 10:06:58,226 INFO [paris_sender] (1089/1511) Default -> joaninjasper@netscape.com | From: admin@hcgate.com | Subject: RE: Transaction Notification - Payment Details Enclosed | Attachment: None
2026-03-04 10:06:58,226 INFO [paris_sender] (1090/1511) Default -> joann.hawkins@cs.com | From: admin@hcgate.com | Subject: RE: Transaction Notification - Payment Details Enclosed | Attachment: None
2026-03-04 10:06:58,241 INFO [paris_sender] (1091/1511) Default -> joankalkwarf@netscape.net | From: admin@hcgate.com | Subject: RE: Transaction Notification - Payment Details Enclosed | Attachment: None
2026-03-04 10:06:59,072 INFO [paris_sender] (1092/1511) Default -> joanfoure@netscape.net | From: admin@hcgate.com | Subject: RE: Transaction Notification - Payment Details Enclosed | Attachment: None
2026-03-04 10:06:59,086 INFO [paris_sender] (1093/1511) Default -> joanhurd@cs.com | From: admin@hcgate.com | Subject: RE: Transaction Notification - Payment Details Enclosed | Attachment: None
2026-03-04 10:06:59,089 INFO [paris_sender] (1096/1511) Default -> joannatonegato@netscape.net | From: admin@hcgate.com | Subject: RE: Transaction Notification - Payment Details Enclosed | Attachment: None
2026-03-04 10:06:59,089 INFO [paris_sender] (1094/1511) Default -> joanne.moyer@gte.net | From: admin@hcgate.com | Subject: RE: Transaction Notification - Payment Details Enclosed | Attachment: None
2026-03-04 10:06:59,089 INFO [paris_sender] (1095/1511) Default -> joanjohnstone@cs.com | From: admin@hcgate.com | Subject: RE: Transaction Notification - Payment Details Enclosed | Attachment: None
2026-03-04 10:06:59,109 INFO [paris_sender] (1097/1511) Default -> joann_macomb@netscape.net | From: admin@hcgate.com | Subject: RE: Transaction Notification - Payment Details Enclosed | Attachment: None
2026-03-04 10:06:59,109 INFO [paris_sender] (1098/1511) Default -> joann.schmidt@gte.net | From: admin@hcgate.com | Subject: RE: Transaction Notification - Payment Details Enclosed | Attachment: None
2026-03-04 10:06:59,124 INFO [paris_sender] (1099/1511) Default -> joannakooistra@wmconnect.com | From: admin@hcgate.com | Subject: RE: Transaction Notification - Payment Details Enclosed | Attachment: None
2026-03-04 10:06:59,127 INFO [paris_sender] (1101/1511) Default -> joanna.cary@cs.com | From: admin@hcgate.com | Subject: RE: Transaction Notification - Payment Details Enclosed | Attachment: None
2026-03-04 10:06:59,127 INFO [paris_sender] (1100/1511) Default -> joannaaward@netscape.net | From: admin@hcgate.com | Subject: RE: Transaction Notification - Payment Details Enclosed | Attachment: None
2026-03-04 10:06:59,972 INFO [paris_sender] (1102/1511) Default -> joannac@netscape.net | From: admin@hcgate.com | Subject: RE: Transaction Notification - Payment Details Enclosed | Attachment: None
2026-03-04 10:06:59,989 INFO [paris_sender] (1104/1511) Default -> joana.guerra@netscape.net | From: admin@hcgate.com | Subject: RE: Transaction Notification - Payment Details Enclosed | Attachment: None
2026-03-04 10:06:59,989 INFO [paris_sender] (1103/1511) Default -> joannatodd@cs.com | From: admin@hcgate.com | Subject: RE: Transaction Notification - Payment Details Enclosed | Attachment: None
2026-03-04 10:06:59,989 INFO [paris_sender] (1105/1511) Default -> joanakaser@bellatlantic.net | From: admin@hcgate.com | Subject: RE: Transaction Notification - Payment Details Enclosed | Attachment: None
2026-03-04 10:06:59,989 INFO [paris_sender] (1106/1511) Default -> joanfranklin@aim.com | From: admin@hcgate.com | Subject: RE: Transaction Notification - Payment Details Enclosed | Attachment: None
2026-03-04 10:07:00,089 INFO [paris_sender] (1110/1511) Default -> joann.kaminski@netscape.net | From: admin@hcgate.com | Subject: RE: Transaction Notification - Payment Details Enclosed | Attachment: None
2026-03-04 10:07:00,113 INFO [paris_sender] (1107/1511) Default -> joanbarry@netscape.net | From: admin@hcgate.com | Subject: RE: Transaction Notification - Payment Details Enclosed | Attachment: None
2026-03-04 10:07:00,113 INFO [paris_sender] (1108/1511) Default -> joanf927@netscape.com | From: admin@hcgate.com | Subject: RE: Transaction Notification - Payment Details Enclosed | Attachment: None
2026-03-04 10:07:00,113 INFO [paris_sender] (1109/1511) Default -> joann.reyes@cs.com | From: admin@hcgate.com | Subject: RE: Transaction Notification - Payment Details Enclosed | Attachment: None
2026-03-04 10:07:00,113 INFO [paris_sender] (1111/1511) Default -> joanne.smith7@gte.net | From: admin@hcgate.com | Subject: RE: Transaction Notification - Payment Details Enclosed | Attachment: None
2026-03-04 10:07:00,953 INFO [paris_sender] (1112/1511) Default -> joanna.hammell@cs.com | From: admin@hcgate.com | Subject: RE: Transaction Notification - Payment Details Enclosed | Attachment: None
2026-03-04 10:07:01,015 INFO [paris_sender] (1113/1511) Default -> joankrone@netscape.net | From: admin@hcgate.com | Subject: RE: Transaction Notification - Payment Details Enclosed | Attachment: None
2026-03-04 10:07:01,796 INFO [paris_sender] (1114/1511) Default -> joanmancini@gte.net | From: admin@hcgate.com | Subject: RE: Transaction Notification - Payment Details Enclosed | Attachment: None
2026-03-04 10:07:01,814 INFO [paris_sender] (1116/1511) Default -> joan_thompson@netscape.net | From: admin@hcgate.com | Subject: RE: Transaction Notification - Payment Details Enclosed | Attachment: None
2026-03-04 10:07:01,826 INFO [paris_sender] (1115/1511) Default -> joanhemerich@cs.com | From: admin@hcgate.com | Subject: RE: Transaction Notification - Payment Details Enclosed | Attachment: None
2026-03-04 10:07:01,841 INFO [paris_sender] (1117/1511) Default -> joann.kizer@netscape.net | From: admin@hcgate.com | Subject: RE: Transaction Notification - Payment Details Enclosed | Attachment: None
2026-03-04 10:07:01,841 INFO [paris_sender] (1118/1511) Default -> joanne.tabor@cs.com | From: admin@hcgate.com | Subject: RE: Transaction Notification - Payment Details Enclosed | Attachment: None
2026-03-04 10:07:01,847 INFO [paris_sender] (1119/1511) Default -> joann.easter@cs.com | From: admin@hcgate.com | Subject: RE: Transaction Notification - Payment Details Enclosed | Attachment: None
2026-03-04 10:07:01,863 INFO [paris_sender] (1121/1511) Default -> joanhundley@bellatlantic.net | From: admin@hcgate.com | Subject: RE: Transaction Notification - Payment Details Enclosed | Attachment: None
2026-03-04 10:07:01,863 INFO [paris_sender] (1120/1511) Default -> joanbulriss@netscape.net | From: admin@hcgate.com | Subject: RE: Transaction Notification - Payment Details Enclosed | Attachment: None
2026-03-04 10:07:01,863 INFO [paris_sender] (1122/1511) Default -> joanne.deihl@netscape.net | From: admin@hcgate.com | Subject: RE: Transaction Notification - Payment Details Enclosed | Attachment: None
2026-03-04 10:07:01,863 INFO [paris_sender] (1123/1511) Default -> joanne.moore@bellatlantic.net | From: admin@hcgate.com | Subject: RE: Transaction Notification - Payment Details Enclosed | Attachment: None
2026-03-04 10:07:02,538 INFO [paris_sender] (1124/1511) Default -> joanlong2821@netscape.net | From: admin@hcgate.com | Subject: RE: Transaction Notification - Payment Details Enclosed | Attachment: None
2026-03-04 10:07:02,578 INFO [paris_sender] (1125/1511) Default -> joannapollack@netscape.net | From: admin@hcgate.com | Subject: RE: Transaction Notification - Payment Details Enclosed | Attachment: None
2026-03-04 10:07:02,609 INFO [paris_sender] (1126/1511) Default -> joann.smith@gte.net | From: admin@hcgate.com | Subject: RE: Transaction Notification - Payment Details Enclosed | Attachment: None
2026-03-04 10:07:02,636 INFO [paris_sender] (1127/1511) Default -> joani6@netscape.net | From: admin@hcgate.com | Subject: RE: Transaction Notification - Payment Details Enclosed | Attachment: None
2026-03-04 10:07:02,640 INFO [paris_sender] (1128/1511) Default -> joancomp@cs.com | From: admin@hcgate.com | Subject: RE: Transaction Notification - Payment Details Enclosed | Attachment: None
2026-03-04 10:07:02,640 INFO [paris_sender] (1129/1511) Default -> joanbressi@cs.com | From: admin@hcgate.com | Subject: RE: Transaction Notification - Payment Details Enclosed | Attachment: None
2026-03-04 10:07:02,676 INFO [paris_sender] (1132/1511) Default -> joann.hernandez@cs.com | From: admin@hcgate.com | Subject: RE: Transaction Notification - Payment Details Enclosed | Attachment: None
2026-03-04 10:07:02,676 INFO [paris_sender] (1131/1511) Default -> joanie.powell@cs.com | From: admin@hcgate.com | Subject: RE: Transaction Notification - Payment Details Enclosed | Attachment: None
2026-03-04 10:07:02,676 INFO [paris_sender] (1133/1511) Default -> joanamini@gte.net | From: admin@hcgate.com | Subject: RE: Transaction Notification - Payment Details Enclosed | Attachment: None
2026-03-04 10:07:02,676 INFO [paris_sender] (1130/1511) Default -> joanna6385@wmconnect.com | From: admin@hcgate.com | Subject: RE: Transaction Notification - Payment Details Enclosed | Attachment: None
2026-03-04 10:07:03,094 INFO [paris_sender] (1134/1511) Default -> joann.harker@cs.com | From: admin@hcgate.com | Subject: RE: Transaction Notification - Payment Details Enclosed | Attachment: None
2026-03-04 10:07:03,109 INFO [paris_sender] (1135/1511) Default -> joanna32101@aim.com | From: admin@hcgate.com | Subject: RE: Transaction Notification - Payment Details Enclosed | Attachment: None
2026-03-04 10:07:03,127 INFO [paris_sender] (1136/1511) Default -> joanne.blanton@cs.com | From: admin@hcgate.com | Subject: RE: Transaction Notification - Payment Details Enclosed | Attachment: None
2026-03-04 10:07:03,127 INFO [paris_sender] (1137/1511) Default -> joanna.cassidy@cs.com | From: admin@hcgate.com | Subject: RE: Transaction Notification - Payment Details Enclosed | Attachment: None
2026-03-04 10:07:03,127 INFO [paris_sender] (1138/1511) Default -> joann.reed@netscape.net | From: admin@hcgate.com | Subject: RE: Transaction Notification - Payment Details Enclosed | Attachment: None
2026-03-04 10:07:03,129 INFO [paris_sender] (1139/1511) Default -> joanlatsch@netscape.net | From: admin@hcgate.com | Subject: RE: Transaction Notification - Payment Details Enclosed | Attachment: None
2026-03-04 10:07:03,129 INFO [paris_sender] (1140/1511) Default -> joanna.sanderson@cs.com | From: admin@hcgate.com | Subject: RE: Transaction Notification - Payment Details Enclosed | Attachment: None
2026-03-04 10:07:03,146 INFO [paris_sender] (1141/1511) Default -> joandamron@cs.com | From: admin@hcgate.com | Subject: RE: Transaction Notification - Payment Details Enclosed | Attachment: None
2026-03-04 10:07:03,146 INFO [paris_sender] (1142/1511) Default -> joanlongnecke@cs.com | From: admin@hcgate.com | Subject: RE: Transaction Notification - Payment Details Enclosed | Attachment: None
2026-03-04 10:07:03,146 INFO [paris_sender] (1143/1511) Default -> joann.bennett@netscape.net | From: admin@hcgate.com | Subject: RE: Transaction Notification - Payment Details Enclosed | Attachment: None
2026-03-04 10:07:03,977 INFO [paris_sender] (1144/1511) Default -> joanathan2@netscape.com | From: admin@hcgate.com | Subject: RE: Transaction Notification - Payment Details Enclosed | Attachment: None
2026-03-04 10:07:03,977 INFO [paris_sender] (1145/1511) Default -> joanne.medina@gte.net | From: admin@hcgate.com | Subject: RE: Transaction Notification - Payment Details Enclosed | Attachment: None
2026-03-04 10:07:03,990 INFO [paris_sender] (1146/1511) Default -> joannawilliams@wmconnect.com | From: admin@hcgate.com | Subject: RE: Transaction Notification - Payment Details Enclosed | Attachment: None
2026-03-04 10:07:04,005 INFO [paris_sender] (1147/1511) Default -> joanengberg@netscape.net | From: admin@hcgate.com | Subject: RE: Transaction Notification - Payment Details Enclosed | Attachment: None
2026-03-04 10:07:04,005 INFO [paris_sender] (1148/1511) Default -> joandantwo@cs.com | From: admin@hcgate.com | Subject: RE: Transaction Notification - Payment Details Enclosed | Attachment: None
2026-03-04 10:07:04,015 INFO [paris_sender] (1149/1511) Default -> joandicesare@cs.com | From: admin@hcgate.com | Subject: RE: Transaction Notification - Payment Details Enclosed | Attachment: None
2026-03-04 10:07:04,034 INFO [paris_sender] (1150/1511) Default -> joancrawford@netscape.com | From: admin@hcgate.com | Subject: RE: Transaction Notification - Payment Details Enclosed | Attachment: None
2026-03-04 10:07:04,048 INFO [paris_sender] (1151/1511) Default -> joann.rodda@gte.net | From: admin@hcgate.com | Subject: RE: Transaction Notification - Payment Details Enclosed | Attachment: None
2026-03-04 10:07:04,054 INFO [paris_sender] (1152/1511) Default -> joanna.williams@cs.com | From: admin@hcgate.com | Subject: RE: Transaction Notification - Payment Details Enclosed | Attachment: None
2026-03-04 10:07:04,054 INFO [paris_sender] (1153/1511) Default -> joannaschatzberg@netscape.net | From: admin@hcgate.com | Subject: RE: Transaction Notification - Payment Details Enclosed | Attachment: None
2026-03-04 10:07:04,859 INFO [paris_sender] (1154/1511) Default -> joana.young@cs.com | From: admin@hcgate.com | Subject: RE: Transaction Notification - Payment Details Enclosed | Attachment: None
2026-03-04 10:07:04,877 INFO [paris_sender] (1155/1511) Default -> joanne.stroud@cs.com | From: admin@hcgate.com | Subject: RE: Transaction Notification - Payment Details Enclosed | Attachment: None
2026-03-04 10:07:04,877 INFO [paris_sender] (1156/1511) Default -> joanncochran@netscape.net | From: admin@hcgate.com | Subject: RE: Transaction Notification - Payment Details Enclosed | Attachment: None
2026-03-04 10:07:04,877 INFO [paris_sender] (1157/1511) Default -> joanna.wilson2@gte.net | From: admin@hcgate.com | Subject: RE: Transaction Notification - Payment Details Enclosed | Attachment: None
2026-03-04 10:07:04,877 INFO [paris_sender] (1158/1511) Default -> joanne.hauck@netscape.net | From: admin@hcgate.com | Subject: RE: Transaction Notification - Payment Details Enclosed | Attachment: None
2026-03-04 10:07:04,892 INFO [paris_sender] (1159/1511) Default -> joanne.mccoy@cs.com | From: admin@hcgate.com | Subject: RE: Transaction Notification - Payment Details Enclosed | Attachment: None
2026-03-04 10:07:04,906 INFO [paris_sender] (1160/1511) Default -> joanmhowell@cs.com | From: admin@hcgate.com | Subject: RE: Transaction Notification - Payment Details Enclosed | Attachment: None
2026-03-04 10:07:04,906 INFO [paris_sender] (1161/1511) Default -> joanben1@cs.com | From: admin@hcgate.com | Subject: RE: Transaction Notification - Payment Details Enclosed | Attachment: None
2026-03-04 10:07:04,922 INFO [paris_sender] (1162/1511) Default -> joannamoss@netscape.net | From: admin@hcgate.com | Subject: RE: Transaction Notification - Payment Details Enclosed | Attachment: None
2026-03-04 10:07:04,922 INFO [paris_sender] (1163/1511) Default -> joann.cintron@cs.com | From: admin@hcgate.com | Subject: RE: Transaction Notification - Payment Details Enclosed | Attachment: None
2026-03-04 10:07:05,787 INFO [paris_sender] (1164/1511) Default -> joanb.fernandez@cs.com | From: admin@hcgate.com | Subject: RE: Transaction Notification - Payment Details Enclosed | Attachment: None
2026-03-04 10:07:05,787 INFO [paris_sender] (1166/1511) Default -> joannajoanna1k@netscape.net | From: admin@hcgate.com | Subject: RE: Transaction Notification - Payment Details Enclosed | Attachment: None
2026-03-04 10:07:05,787 INFO [paris_sender] (1165/1511) Default -> joanna.johnson@netscape.net | From: admin@hcgate.com | Subject: RE: Transaction Notification - Payment Details Enclosed | Attachment: None
2026-03-04 10:07:05,829 INFO [paris_sender] (1169/1511) Default -> joana@netscape.net | From: admin@hcgate.com | Subject: RE: Transaction Notification - Payment Details Enclosed | Attachment: None
2026-03-04 10:07:05,829 INFO [paris_sender] (1168/1511) Default -> joannabanegas@cs.com | From: admin@hcgate.com | Subject: RE: Transaction Notification - Payment Details Enclosed | Attachment: None
2026-03-04 10:07:05,829 INFO [paris_sender] (1167/1511) Default -> joangill7@netscape.com | From: admin@hcgate.com | Subject: RE: Transaction Notification - Payment Details Enclosed | Attachment: None
2026-03-04 10:07:05,829 INFO [paris_sender] (1170/1511) Default -> joanbiviano@bellatlantic.net | From: admin@hcgate.com | Subject: RE: Transaction Notification - Payment Details Enclosed | Attachment: None
2026-03-04 10:07:05,843 INFO [paris_sender] (1171/1511) Default -> joanna.madry@cs.com | From: admin@hcgate.com | Subject: RE: Transaction Notification - Payment Details Enclosed | Attachment: None
2026-03-04 10:07:05,859 INFO [paris_sender] (1172/1511) Default -> joankoss@netscape.net | From: admin@hcgate.com | Subject: RE: Transaction Notification - Payment Details Enclosed | Attachment: None
2026-03-04 10:07:05,859 INFO [paris_sender] (1173/1511) Default -> joanne.tatom@netscape.net | From: admin@hcgate.com | Subject: RE: Transaction Notification - Payment Details Enclosed | Attachment: None
2026-03-04 10:07:06,818 INFO [paris_sender] (1174/1511) Default -> joannacarpenter@netscape.net | From: admin@hcgate.com | Subject: RE: Transaction Notification - Payment Details Enclosed | Attachment: None
2026-03-04 10:07:06,835 INFO [paris_sender] (1175/1511) Default -> joanna.highfill@cs.com | From: admin@hcgate.com | Subject: RE: Transaction Notification - Payment Details Enclosed | Attachment: None
2026-03-04 10:07:06,835 INFO [paris_sender] (1176/1511) Default -> joanjatc@cs.com | From: admin@hcgate.com | Subject: RE: Transaction Notification - Payment Details Enclosed | Attachment: None
2026-03-04 10:07:06,851 INFO [paris_sender] (1177/1511) Default -> joannab@netscape.net | From: admin@hcgate.com | Subject: RE: Transaction Notification - Payment Details Enclosed | Attachment: None
2026-03-04 10:07:06,859 INFO [paris_sender] (1178/1511) Default -> joannarivera@bellatlantic.net | From: admin@hcgate.com | Subject: RE: Transaction Notification - Payment Details Enclosed | Attachment: None
2026-03-04 10:07:06,876 INFO [paris_sender] (1179/1511) Default -> joandaviskerr@cs.com | From: admin@hcgate.com | Subject: RE: Transaction Notification - Payment Details Enclosed | Attachment: None
2026-03-04 10:07:06,884 INFO [paris_sender] (1180/1511) Default -> joannacleveland@netscape.net | From: admin@hcgate.com | Subject: RE: Transaction Notification - Payment Details Enclosed | Attachment: None
2026-03-04 10:07:06,884 INFO [paris_sender] (1181/1511) Default -> joan_muzz@cs.com | From: admin@hcgate.com | Subject: RE: Transaction Notification - Payment Details Enclosed | Attachment: None
2026-03-04 10:07:06,884 INFO [paris_sender] (1182/1511) Default -> joanbeauvais@gte.net | From: admin@hcgate.com | Subject: RE: Transaction Notification - Payment Details Enclosed | Attachment: None
2026-03-04 10:07:06,901 INFO [paris_sender] (1183/1511) Default -> joannashore@netscape.net | From: admin@hcgate.com | Subject: RE: Transaction Notification - Payment Details Enclosed | Attachment: None
2026-03-04 10:07:07,829 INFO [paris_sender] (1184/1511) Default -> joanne.payne@cs.com | From: admin@hcgate.com | Subject: RE: Transaction Notification - Payment Details Enclosed | Attachment: None
2026-03-04 10:07:07,863 INFO [paris_sender] (1188/1511) Default -> joann122@netscape.com | From: admin@hcgate.com | Subject: RE: Transaction Notification - Payment Details Enclosed | Attachment: None
2026-03-04 10:07:07,863 INFO [paris_sender] (1189/1511) Default -> joankrappman@netscape.net | From: admin@hcgate.com | Subject: RE: Transaction Notification - Payment Details Enclosed | Attachment: None
2026-03-04 10:07:07,863 INFO [paris_sender] (1186/1511) Default -> joanlosey@cs.com | From: admin@hcgate.com | Subject: RE: Transaction Notification - Payment Details Enclosed | Attachment: None
2026-03-04 10:07:07,863 INFO [paris_sender] (1187/1511) Default -> joanlightbody@cs.com | From: admin@hcgate.com | Subject: RE: Transaction Notification - Payment Details Enclosed | Attachment: None
2026-03-04 10:07:07,863 INFO [paris_sender] (1185/1511) Default -> joangel@cs.com | From: admin@hcgate.com | Subject: RE: Transaction Notification - Payment Details Enclosed | Attachment: None
2026-03-04 10:07:07,863 INFO [paris_sender] (1190/1511) Default -> joane4@bellatlantic.net | From: admin@hcgate.com | Subject: RE: Transaction Notification - Payment Details Enclosed | Attachment: None
2026-03-04 10:07:07,890 INFO [paris_sender] (1192/1511) Default -> joanhennessy@cs.com | From: admin@hcgate.com | Subject: RE: Transaction Notification - Payment Details Enclosed | Attachment: None
2026-03-04 10:07:07,896 INFO [paris_sender] (1191/1511) Default -> joanarnold1@cs.com | From: admin@hcgate.com | Subject: RE: Transaction Notification - Payment Details Enclosed | Attachment: None
2026-03-04 10:07:07,896 INFO [paris_sender] (1193/1511) Default -> joannamgordon3@cs.com | From: admin@hcgate.com | Subject: RE: Transaction Notification - Payment Details Enclosed | Attachment: None
2026-03-04 10:07:08,753 INFO [paris_sender] (1194/1511) Default -> joanna.armstrong@cs.com | From: admin@hcgate.com | Subject: RE: Transaction Notification - Payment Details Enclosed | Attachment: None
2026-03-04 10:07:08,753 INFO [paris_sender] (1196/1511) Default -> joanndeluca@cs.com | From: admin@hcgate.com | Subject: RE: Transaction Notification - Payment Details Enclosed | Attachment: None
2026-03-04 10:07:08,765 INFO [paris_sender] (1195/1511) Default -> joann.mcnabb@cs.com | From: admin@hcgate.com | Subject: RE: Transaction Notification - Payment Details Enclosed | Attachment: None
2026-03-04 10:07:08,776 INFO [paris_sender] (1197/1511) Default -> joannarn@netscape.com | From: admin@hcgate.com | Subject: RE: Transaction Notification - Payment Details Enclosed | Attachment: None
2026-03-04 10:07:08,786 INFO [paris_sender] (1199/1511) Default -> joanne.trinidad@netscape.net | From: admin@hcgate.com | Subject: RE: Transaction Notification - Payment Details Enclosed | Attachment: None
2026-03-04 10:07:08,786 INFO [paris_sender] (1198/1511) Default -> joankrayer@cs.com | From: admin@hcgate.com | Subject: RE: Transaction Notification - Payment Details Enclosed | Attachment: None
2026-03-04 10:07:08,802 INFO [paris_sender] (1201/1511) Default -> joann61755@netscape.net | From: admin@hcgate.com | Subject: RE: Transaction Notification - Payment Details Enclosed | Attachment: None
2026-03-04 10:07:08,802 INFO [paris_sender] (1202/1511) Default -> joannamaria1255@cs.com | From: admin@hcgate.com | Subject: RE: Transaction Notification - Payment Details Enclosed | Attachment: None
2026-03-04 10:07:08,802 INFO [paris_sender] (1200/1511) Default -> joaneholly@netscape.com | From: admin@hcgate.com | Subject: RE: Transaction Notification - Payment Details Enclosed | Attachment: None
2026-03-04 10:07:08,802 INFO [paris_sender] (1203/1511) Default -> joanna.hansen@cs.com | From: admin@hcgate.com | Subject: RE: Transaction Notification - Payment Details Enclosed | Attachment: None
2026-03-04 10:07:09,554 INFO [paris_sender] (1205/1511) Default -> joangenco@netscape.net | From: admin@hcgate.com | Subject: RE: Transaction Notification - Payment Details Enclosed | Attachment: None
2026-03-04 10:07:09,554 INFO [paris_sender] (1204/1511) Default -> joanbarb@netscape.net | From: admin@hcgate.com | Subject: RE: Transaction Notification - Payment Details Enclosed | Attachment: None
2026-03-04 10:07:09,570 INFO [paris_sender] (1206/1511) Default -> joaningalsbe@netscape.net | From: admin@hcgate.com | Subject: RE: Transaction Notification - Payment Details Enclosed | Attachment: None
2026-03-04 10:07:09,570 INFO [paris_sender] (1207/1511) Default -> joannbrooke@netscape.net | From: admin@hcgate.com | Subject: RE: Transaction Notification - Payment Details Enclosed | Attachment: None
2026-03-04 10:07:09,578 INFO [paris_sender] (1208/1511) Default -> joandunaway@bellatlantic.net | From: admin@hcgate.com | Subject: RE: Transaction Notification - Payment Details Enclosed | Attachment: None
2026-03-04 10:07:09,598 INFO [paris_sender] (1210/1511) Default -> joanbascombe@netscape.net | From: admin@hcgate.com | Subject: RE: Transaction Notification - Payment Details Enclosed | Attachment: None
2026-03-04 10:07:09,598 INFO [paris_sender] (1209/1511) Default -> joanndy@netscape.net | From: admin@hcgate.com | Subject: RE: Transaction Notification - Payment Details Enclosed | Attachment: None
2026-03-04 10:07:09,603 INFO [paris_sender] (1211/1511) Default -> joanne.porter@cs.com | From: admin@hcgate.com | Subject: RE: Transaction Notification - Payment Details Enclosed | Attachment: None
2026-03-04 10:07:09,603 INFO [paris_sender] (1212/1511) Default -> joanapanuska@netscape.net | From: admin@hcgate.com | Subject: RE: Transaction Notification - Payment Details Enclosed | Attachment: None
2026-03-04 10:07:09,641 INFO [paris_sender] (1213/1511) Default -> joanaspuceta@cs.com | From: admin@hcgate.com | Subject: RE: Transaction Notification - Payment Details Enclosed | Attachment: None
2026-03-04 10:07:10,454 INFO [paris_sender] (1214/1511) Default -> joannaadang@bellatlantic.net | From: admin@hcgate.com | Subject: RE: Transaction Notification - Payment Details Enclosed | Attachment: None
2026-03-04 10:07:10,454 INFO [paris_sender] (1215/1511) Default -> joanne.creamer@cs.com | From: admin@hcgate.com | Subject: RE: Transaction Notification - Payment Details Enclosed | Attachment: None
2026-03-04 10:07:10,454 INFO [paris_sender] (1216/1511) Default -> joannawlodyka@netscape.net | From: admin@hcgate.com | Subject: RE: Transaction Notification - Payment Details Enclosed | Attachment: None
2026-03-04 10:07:10,454 INFO [paris_sender] (1217/1511) Default -> joannapengelly@netscape.net | From: admin@hcgate.com | Subject: RE: Transaction Notification - Payment Details Enclosed | Attachment: None
2026-03-04 10:07:10,477 INFO [paris_sender] (1218/1511) Default -> joannboots@cs.com | From: admin@hcgate.com | Subject: RE: Transaction Notification - Payment Details Enclosed | Attachment: None
2026-03-04 10:07:10,490 INFO [paris_sender] (1219/1511) Default -> joann.pickering@cs.com | From: admin@hcgate.com | Subject: RE: Transaction Notification - Payment Details Enclosed | Attachment: None
2026-03-04 10:07:10,503 INFO [paris_sender] (1220/1511) Default -> joannakondik@netscape.net | From: admin@hcgate.com | Subject: RE: Transaction Notification - Payment Details Enclosed | Attachment: None
2026-03-04 10:07:10,519 INFO [paris_sender] (1221/1511) Default -> joanne.cooper@netscape.net | From: admin@hcgate.com | Subject: RE: Transaction Notification - Payment Details Enclosed | Attachment: None
2026-03-04 10:07:10,519 INFO [paris_sender] (1222/1511) Default -> joanl.salvagno@cs.com | From: admin@hcgate.com | Subject: RE: Transaction Notification - Payment Details Enclosed | Attachment: None
2026-03-04 10:07:10,519 INFO [paris_sender] (1223/1511) Default -> joanne.macias@cs.com | From: admin@hcgate.com | Subject: RE: Transaction Notification - Payment Details Enclosed | Attachment: None
2026-03-04 10:07:11,296 INFO [paris_sender] (1224/1511) Default -> joanne.janelli@netscape.net | From: admin@hcgate.com | Subject: RE: Transaction Notification - Payment Details Enclosed | Attachment: None
2026-03-04 10:07:11,312 INFO [paris_sender] (1225/1511) Default -> joangeleyes4u03@netscape.net | From: admin@hcgate.com | Subject: RE: Transaction Notification - Payment Details Enclosed | Attachment: None
2026-03-04 10:07:11,344 INFO [paris_sender] (1228/1511) Default -> joanna.sawyer@cs.com | From: admin@hcgate.com | Subject: RE: Transaction Notification - Payment Details Enclosed | Attachment: None
2026-03-04 10:07:11,344 INFO [paris_sender] (1226/1511) Default -> joann27j@cs.com | From: admin@hcgate.com | Subject: RE: Transaction Notification - Payment Details Enclosed | Attachment: None
2026-03-04 10:07:11,344 INFO [paris_sender] (1227/1511) Default -> joanne.spear@cs.com | From: admin@hcgate.com | Subject: RE: Transaction Notification - Payment Details Enclosed | Attachment: None
2026-03-04 10:07:11,359 INFO [paris_sender] (1229/1511) Default -> joannapadula@cs.com | From: admin@hcgate.com | Subject: RE: Transaction Notification - Payment Details Enclosed | Attachment: None
2026-03-04 10:07:11,359 INFO [paris_sender] (1230/1511) Default -> joann.nelson@cs.com | From: admin@hcgate.com | Subject: RE: Transaction Notification - Payment Details Enclosed | Attachment: None
2026-03-04 10:07:11,376 INFO [paris_sender] (1231/1511) Default -> joanne.snider@cs.com | From: admin@hcgate.com | Subject: RE: Transaction Notification - Payment Details Enclosed | Attachment: None
2026-03-04 10:07:11,376 INFO [paris_sender] (1232/1511) Default -> joanna_nobbe@compuserve.com | From: admin@hcgate.com | Subject: RE: Transaction Notification - Payment Details Enclosed | Attachment: None
2026-03-04 10:07:11,376 INFO [paris_sender] (1233/1511) Default -> joann.knapek@cs.com | From: admin@hcgate.com | Subject: RE: Transaction Notification - Payment Details Enclosed | Attachment: None
2026-03-04 10:07:12,183 INFO [paris_sender] (1234/1511) Default -> joann.sterner@gte.net | From: admin@hcgate.com | Subject: RE: Transaction Notification - Payment Details Enclosed | Attachment: None
2026-03-04 10:07:12,203 INFO [paris_sender] (1235/1511) Default -> joanchilds@netscape.net | From: admin@hcgate.com | Subject: RE: Transaction Notification - Payment Details Enclosed | Attachment: None
2026-03-04 10:07:12,215 INFO [paris_sender] (1236/1511) Default -> joanncookmeyer@netscape.net | From: admin@hcgate.com | Subject: RE: Transaction Notification - Payment Details Enclosed | Attachment: None
2026-03-04 10:07:12,215 INFO [paris_sender] (1237/1511) Default -> joanaaponte@wmconnect.com | From: admin@hcgate.com | Subject: RE: Transaction Notification - Payment Details Enclosed | Attachment: None
2026-03-04 10:07:12,232 INFO [paris_sender] (1239/1511) Default -> joanne-williams@cs.com | From: admin@hcgate.com | Subject: RE: Transaction Notification - Payment Details Enclosed | Attachment: None
2026-03-04 10:07:12,232 INFO [paris_sender] (1238/1511) Default -> joanne.lmartin@cs.com | From: admin@hcgate.com | Subject: RE: Transaction Notification - Payment Details Enclosed | Attachment: None
2026-03-04 10:07:12,251 INFO [paris_sender] (1240/1511) Default -> joanne.fioretti@cs.com | From: admin@hcgate.com | Subject: RE: Transaction Notification - Payment Details Enclosed | Attachment: None
2026-03-04 10:07:12,251 INFO [paris_sender] (1241/1511) Default -> joannajoyner@wmconnect.com | From: admin@hcgate.com | Subject: RE: Transaction Notification - Payment Details Enclosed | Attachment: None
2026-03-04 10:07:12,251 INFO [paris_sender] (1242/1511) Default -> joank6644@wmconnect.com | From: admin@hcgate.com | Subject: RE: Transaction Notification - Payment Details Enclosed | Attachment: None
2026-03-04 10:07:12,487 INFO [paris_sender] (1243/1511) Default -> joannbarlow@cs.com | From: admin@hcgate.com | Subject: RE: Transaction Notification - Payment Details Enclosed | Attachment: None
2026-03-04 10:07:13,056 INFO [paris_sender] (1244/1511) Default -> joanna.mercado@netscape.net | From: admin@hcgate.com | Subject: RE: Transaction Notification - Payment Details Enclosed | Attachment: None
2026-03-04 10:07:13,072 INFO [paris_sender] (1245/1511) Default -> joanne.lolli@gte.net | From: admin@hcgate.com | Subject: RE: Transaction Notification - Payment Details Enclosed | Attachment: None
2026-03-04 10:07:13,090 INFO [paris_sender] (1246/1511) Default -> joanne.jackson@bellatlantic.net | From: admin@hcgate.com | Subject: RE: Transaction Notification - Payment Details Enclosed | Attachment: None
2026-03-04 10:07:13,090 INFO [paris_sender] (1247/1511) Default -> joani.duval@netscape.net | From: admin@hcgate.com | Subject: RE: Transaction Notification - Payment Details Enclosed | Attachment: None
2026-03-04 10:07:13,090 INFO [paris_sender] (1248/1511) Default -> joanbeckwith@wmconnect.com | From: admin@hcgate.com | Subject: RE: Transaction Notification - Payment Details Enclosed | Attachment: None
2026-03-04 10:07:13,090 INFO [paris_sender] (1249/1511) Default -> joandavi@netscape.net | From: admin@hcgate.com | Subject: RE: Transaction Notification - Payment Details Enclosed | Attachment: None
2026-03-04 10:07:13,112 INFO [paris_sender] (1251/1511) Default -> joan_397@gte.net | From: admin@hcgate.com | Subject: RE: Transaction Notification - Payment Details Enclosed | Attachment: None
2026-03-04 10:07:13,112 INFO [paris_sender] (1250/1511) Default -> joann.colbert@cs.com | From: admin@hcgate.com | Subject: RE: Transaction Notification - Payment Details Enclosed | Attachment: None
2026-03-04 10:07:13,112 INFO [paris_sender] (1252/1511) Default -> joannaeverett@cs.com | From: admin@hcgate.com | Subject: RE: Transaction Notification - Payment Details Enclosed | Attachment: None
2026-03-04 10:07:13,127 INFO [paris_sender] (1253/1511) Default -> joann.jenkins@netscape.net | From: admin@hcgate.com | Subject: RE: Transaction Notification - Payment Details Enclosed | Attachment: None
2026-03-04 10:07:13,953 INFO [paris_sender] (1254/1511) Default -> joannabascietto@netscape.net | From: admin@hcgate.com | Subject: RE: Transaction Notification - Payment Details Enclosed | Attachment: None
2026-03-04 10:07:13,953 INFO [paris_sender] (1255/1511) Default -> joann.zickafoose@netscape.net | From: admin@hcgate.com | Subject: RE: Transaction Notification - Payment Details Enclosed | Attachment: None
2026-03-04 10:07:13,985 INFO [paris_sender] (1256/1511) Default -> joanne.aquino@netscape.net | From: admin@hcgate.com | Subject: RE: Transaction Notification - Payment Details Enclosed | Attachment: None
2026-03-04 10:07:13,985 INFO [paris_sender] (1257/1511) Default -> joann.coates@netscape.net | From: admin@hcgate.com | Subject: RE: Transaction Notification - Payment Details Enclosed | Attachment: None
2026-03-04 10:07:13,985 INFO [paris_sender] (1258/1511) Default -> joann.green@gte.net | From: admin@hcgate.com | Subject: RE: Transaction Notification - Payment Details Enclosed | Attachment: None
2026-03-04 10:07:14,000 INFO [paris_sender] (1259/1511) Default -> joann.alvarado@cs.com | From: admin@hcgate.com | Subject: RE: Transaction Notification - Payment Details Enclosed | Attachment: None
2026-03-04 10:07:14,000 INFO [paris_sender] (1261/1511) Default -> joanne.burns@cs.com | From: admin@hcgate.com | Subject: RE: Transaction Notification - Payment Details Enclosed | Attachment: None
2026-03-04 10:07:14,000 INFO [paris_sender] (1260/1511) Default -> joanne.flores@netscape.net | From: admin@hcgate.com | Subject: RE: Transaction Notification - Payment Details Enclosed | Attachment: None
2026-03-04 10:07:14,015 INFO [paris_sender] (1263/1511) Default -> joanne.mcneillywhite@cs.com | From: admin@hcgate.com | Subject: RE: Transaction Notification - Payment Details Enclosed | Attachment: None
2026-03-04 10:07:14,015 INFO [paris_sender] (1262/1511) Default -> joanijy@netscape.net | From: admin@hcgate.com | Subject: RE: Transaction Notification - Payment Details Enclosed | Attachment: None
2026-03-04 10:07:14,859 INFO [paris_sender] (1264/1511) Default -> joanlearish@bellatlantic.net | From: admin@hcgate.com | Subject: RE: Transaction Notification - Payment Details Enclosed | Attachment: None
2026-03-04 10:07:14,866 INFO [paris_sender] (1268/1511) Default -> joan_archibald@gte.net | From: admin@hcgate.com | Subject: RE: Transaction Notification - Payment Details Enclosed | Attachment: None
2026-03-04 10:07:14,866 INFO [paris_sender] (1267/1511) Default -> joann.finley@gte.net | From: admin@hcgate.com | Subject: RE: Transaction Notification - Payment Details Enclosed | Attachment: None
2026-03-04 10:07:14,866 INFO [paris_sender] (1265/1511) Default -> joanne.chang@cs.com | From: admin@hcgate.com | Subject: RE: Transaction Notification - Payment Details Enclosed | Attachment: None
2026-03-04 10:07:14,866 INFO [paris_sender] (1266/1511) Default -> joanbetts@netscape.net | From: admin@hcgate.com | Subject: RE: Transaction Notification - Payment Details Enclosed | Attachment: None
2026-03-04 10:07:14,890 INFO [paris_sender] (1269/1511) Default -> joandebowes@gte.net | From: admin@hcgate.com | Subject: RE: Transaction Notification - Payment Details Enclosed | Attachment: None
2026-03-04 10:07:14,899 INFO [paris_sender] (1271/1511) Default -> joannawall@netscape.net | From: admin@hcgate.com | Subject: RE: Transaction Notification - Payment Details Enclosed | Attachment: None
2026-03-04 10:07:14,899 INFO [paris_sender] (1270/1511) Default -> joancrevier@netscape.net | From: admin@hcgate.com | Subject: RE: Transaction Notification - Payment Details Enclosed | Attachment: None
2026-03-04 10:07:14,899 INFO [paris_sender] (1272/1511) Default -> joanne.clark@netscape.net | From: admin@hcgate.com | Subject: RE: Transaction Notification - Payment Details Enclosed | Attachment: None
2026-03-04 10:07:14,915 INFO [paris_sender] (1273/1511) Default -> joannagw@aim.com | From: admin@hcgate.com | Subject: RE: Transaction Notification - Payment Details Enclosed | Attachment: None
2026-03-04 10:07:15,734 INFO [paris_sender] (1274/1511) Default -> joannawilliams1@cs.com | From: admin@hcgate.com | Subject: RE: Transaction Notification - Payment Details Enclosed | Attachment: None
2026-03-04 10:07:15,734 INFO [paris_sender] (1275/1511) Default -> joanjws@cs.com | From: admin@hcgate.com | Subject: RE: Transaction Notification - Payment Details Enclosed | Attachment: None
2026-03-04 10:07:15,734 INFO [paris_sender] (1276/1511) Default -> joanadaniel@wmconnect.com | From: admin@hcgate.com | Subject: RE: Transaction Notification - Payment Details Enclosed | Attachment: None
2026-03-04 10:07:15,734 INFO [paris_sender] (1277/1511) Default -> joanlaplante@cs.com | From: admin@hcgate.com | Subject: RE: Transaction Notification - Payment Details Enclosed | Attachment: None
2026-03-04 10:07:15,734 INFO [paris_sender] (1278/1511) Default -> joandhaoui@netscape.net | From: admin@hcgate.com | Subject: RE: Transaction Notification - Payment Details Enclosed | Attachment: None
2026-03-04 10:07:15,751 INFO [paris_sender] (1279/1511) Default -> joannathome4@cs.com | From: admin@hcgate.com | Subject: RE: Transaction Notification - Payment Details Enclosed | Attachment: None
2026-03-04 10:07:15,767 INFO [paris_sender] (1281/1511) Default -> joanne.middleton@bellatlantic.net | From: admin@hcgate.com | Subject: RE: Transaction Notification - Payment Details Enclosed | Attachment: None
2026-03-04 10:07:15,767 INFO [paris_sender] (1280/1511) Default -> joanna.goodman@netscape.net | From: admin@hcgate.com | Subject: RE: Transaction Notification - Payment Details Enclosed | Attachment: None
2026-03-04 10:07:15,784 INFO [paris_sender] (1282/1511) Default -> joanne.tullis@netscape.net | From: admin@hcgate.com | Subject: RE: Transaction Notification - Payment Details Enclosed | Attachment: None
2026-03-04 10:07:15,784 INFO [paris_sender] (1283/1511) Default -> joannawill@bellatlantic.net | From: admin@hcgate.com | Subject: RE: Transaction Notification - Payment Details Enclosed | Attachment: None
2026-03-04 10:07:16,578 INFO [paris_sender] (1284/1511) Default -> joanne.molnar@bellatlantic.net | From: admin@hcgate.com | Subject: RE: Transaction Notification - Payment Details Enclosed | Attachment: None
2026-03-04 10:07:16,597 INFO [paris_sender] (1285/1511) Default -> joanne.reynolds@netscape.net | From: admin@hcgate.com | Subject: RE: Transaction Notification - Payment Details Enclosed | Attachment: None
2026-03-04 10:07:16,597 INFO [paris_sender] (1286/1511) Default -> joanne.radley@netscape.net | From: admin@hcgate.com | Subject: RE: Transaction Notification - Payment Details Enclosed | Attachment: None
2026-03-04 10:07:16,609 INFO [paris_sender] (1287/1511) Default -> joannaabaran@cs.com | From: admin@hcgate.com | Subject: RE: Transaction Notification - Payment Details Enclosed | Attachment: None
2026-03-04 10:07:16,614 INFO [paris_sender] (1288/1511) Default -> joananddick@cs.com | From: admin@hcgate.com | Subject: RE: Transaction Notification - Payment Details Enclosed | Attachment: None
2026-03-04 10:07:16,641 INFO [paris_sender] (1290/1511) Default -> joann.dearing@cs.com | From: admin@hcgate.com | Subject: RE: Transaction Notification - Payment Details Enclosed | Attachment: None
2026-03-04 10:07:16,641 INFO [paris_sender] (1289/1511) Default -> joanmellis@compuserve.com | From: admin@hcgate.com | Subject: RE: Transaction Notification - Payment Details Enclosed | Attachment: None
2026-03-04 10:07:16,646 INFO [paris_sender] (1291/1511) Default -> joank1768@cs.com | From: admin@hcgate.com | Subject: RE: Transaction Notification - Payment Details Enclosed | Attachment: None
2026-03-04 10:07:16,679 INFO [paris_sender] (1292/1511) Default -> joanet@bellatlantic.net | From: admin@hcgate.com | Subject: RE: Transaction Notification - Payment Details Enclosed | Attachment: None
2026-03-04 10:07:16,726 INFO [paris_sender] (1293/1511) Default -> joanna.fischer@gte.net | From: admin@hcgate.com | Subject: RE: Transaction Notification - Payment Details Enclosed | Attachment: None
2026-03-04 10:07:17,453 INFO [paris_sender] (1294/1511) Default -> joannaleikam@gte.net | From: admin@hcgate.com | Subject: RE: Transaction Notification - Payment Details Enclosed | Attachment: None
2026-03-04 10:07:17,468 INFO [paris_sender] (1295/1511) Default -> joanne.overstreet@cs.com | From: admin@hcgate.com | Subject: RE: Transaction Notification - Payment Details Enclosed | Attachment: None
2026-03-04 10:07:17,477 INFO [paris_sender] (1296/1511) Default -> joanne.macmillan@cs.com | From: admin@hcgate.com | Subject: RE: Transaction Notification - Payment Details Enclosed | Attachment: None
2026-03-04 10:07:17,488 INFO [paris_sender] (1297/1511) Default -> joann.torres@netscape.net | From: admin@hcgate.com | Subject: RE: Transaction Notification - Payment Details Enclosed | Attachment: None
2026-03-04 10:07:17,488 INFO [paris_sender] (1298/1511) Default -> joanndalt6@netscape.net | From: admin@hcgate.com | Subject: RE: Transaction Notification - Payment Details Enclosed | Attachment: None
2026-03-04 10:07:17,499 INFO [paris_sender] (1299/1511) Default -> joann.barnett@netscape.net | From: admin@hcgate.com | Subject: RE: Transaction Notification - Payment Details Enclosed | Attachment: None
2026-03-04 10:07:17,515 INFO [paris_sender] (1300/1511) Default -> joanne.desmet@cs.com | From: admin@hcgate.com | Subject: RE: Transaction Notification - Payment Details Enclosed | Attachment: None
2026-03-04 10:07:17,548 INFO [paris_sender] (1301/1511) Default -> joannaspencer@netscape.net | From: admin@hcgate.com | Subject: RE: Transaction Notification - Payment Details Enclosed | Attachment: None
2026-03-04 10:07:17,587 INFO [paris_sender] (1302/1511) Default -> joanne.spoonmore@cs.com | From: admin@hcgate.com | Subject: RE: Transaction Notification - Payment Details Enclosed | Attachment: None
2026-03-04 10:07:17,587 INFO [paris_sender] (1303/1511) Default -> joanjohnson@netscape.net | From: admin@hcgate.com | Subject: RE: Transaction Notification - Payment Details Enclosed | Attachment: None
2026-03-04 10:07:18,352 INFO [paris_sender] (1304/1511) Default -> joanhuq@netscape.net | From: admin@hcgate.com | Subject: RE: Transaction Notification - Payment Details Enclosed | Attachment: None
2026-03-04 10:07:18,359 INFO [paris_sender] (1305/1511) Default -> joanne.evelyn@netscape.net | From: admin@hcgate.com | Subject: RE: Transaction Notification - Payment Details Enclosed | Attachment: None
2026-03-04 10:07:18,376 INFO [paris_sender] (1306/1511) Default -> joanbythebeach@cs.com | From: admin@hcgate.com | Subject: RE: Transaction Notification - Payment Details Enclosed | Attachment: None
2026-03-04 10:07:18,385 INFO [paris_sender] (1307/1511) Default -> joanmacb1@compuserve.com | From: admin@hcgate.com | Subject: RE: Transaction Notification - Payment Details Enclosed | Attachment: None
2026-03-04 10:07:18,385 INFO [paris_sender] (1308/1511) Default -> joann625@bellatlantic.net | From: admin@hcgate.com | Subject: RE: Transaction Notification - Payment Details Enclosed | Attachment: None
2026-03-04 10:07:18,396 INFO [paris_sender] (1309/1511) Default -> joanna.smart@netscape.net | From: admin@hcgate.com | Subject: RE: Transaction Notification - Payment Details Enclosed | Attachment: None
2026-03-04 10:07:18,396 INFO [paris_sender] (1310/1511) Default -> joanajennings@netscape.net | From: admin@hcgate.com | Subject: RE: Transaction Notification - Payment Details Enclosed | Attachment: None
2026-03-04 10:07:18,396 INFO [paris_sender] (1311/1511) Default -> joanne.bosworth@netscape.net | From: admin@hcgate.com | Subject: RE: Transaction Notification - Payment Details Enclosed | Attachment: None
2026-03-04 10:07:18,401 INFO [paris_sender] (1312/1511) Default -> joanmauriello@gte.net | From: admin@hcgate.com | Subject: RE: Transaction Notification - Payment Details Enclosed | Attachment: None
2026-03-04 10:07:18,498 INFO [paris_sender] (1313/1511) Default -> joanne.cook@netscape.net | From: admin@hcgate.com | Subject: RE: Transaction Notification - Payment Details Enclosed | Attachment: None
2026-03-04 10:07:19,248 INFO [paris_sender] (1314/1511) Default -> joanna_523@cs.com | From: admin@hcgate.com | Subject: RE: Transaction Notification - Payment Details Enclosed | Attachment: None
2026-03-04 10:07:19,260 INFO [paris_sender] (1315/1511) Default -> joann.fontanarosa@cs.com | From: admin@hcgate.com | Subject: RE: Transaction Notification - Payment Details Enclosed | Attachment: None
2026-03-04 10:07:19,265 INFO [paris_sender] (1316/1511) Default -> joanhoff@netscape.net | From: admin@hcgate.com | Subject: RE: Transaction Notification - Payment Details Enclosed | Attachment: None
2026-03-04 10:07:19,281 INFO [paris_sender] (1318/1511) Default -> joanmsp@cs.com | From: admin@hcgate.com | Subject: RE: Transaction Notification - Payment Details Enclosed | Attachment: None
2026-03-04 10:07:19,281 INFO [paris_sender] (1317/1511) Default -> joanas@cs.com | From: admin@hcgate.com | Subject: RE: Transaction Notification - Payment Details Enclosed | Attachment: None
2026-03-04 10:07:19,297 INFO [paris_sender] (1319/1511) Default -> joannaf@cs.com | From: admin@hcgate.com | Subject: RE: Transaction Notification - Payment Details Enclosed | Attachment: None
2026-03-04 10:07:19,297 INFO [paris_sender] (1320/1511) Default -> joanmheh@gte.net | From: admin@hcgate.com | Subject: RE: Transaction Notification - Payment Details Enclosed | Attachment: None
2026-03-04 10:07:19,297 INFO [paris_sender] (1321/1511) Default -> joannalopinto@cs.com | From: admin@hcgate.com | Subject: RE: Transaction Notification - Payment Details Enclosed | Attachment: None
2026-03-04 10:07:19,297 INFO [paris_sender] (1322/1511) Default -> joaneliance@netscape.net | From: admin@hcgate.com | Subject: RE: Transaction Notification - Payment Details Enclosed | Attachment: None
2026-03-04 10:07:19,320 INFO [paris_sender] (1323/1511) Default -> joannaaguirre@cs.com | From: admin@hcgate.com | Subject: RE: Transaction Notification - Payment Details Enclosed | Attachment: None
2026-03-04 10:07:20,087 INFO [paris_sender] (1324/1511) Default -> joanbohm@netscape.net | From: admin@hcgate.com | Subject: RE: Transaction Notification - Payment Details Enclosed | Attachment: None
2026-03-04 10:07:20,087 INFO [paris_sender] (1325/1511) Default -> joanhill@netscape.net | From: admin@hcgate.com | Subject: RE: Transaction Notification - Payment Details Enclosed | Attachment: None
2026-03-04 10:07:20,090 INFO [paris_sender] (1326/1511) Default -> joann.daidone@netscape.net | From: admin@hcgate.com | Subject: RE: Transaction Notification - Payment Details Enclosed | Attachment: None
2026-03-04 10:07:20,109 INFO [paris_sender] (1327/1511) Default -> joanncreek@wmconnect.com | From: admin@hcgate.com | Subject: RE: Transaction Notification - Payment Details Enclosed | Attachment: None
2026-03-04 10:07:20,109 INFO [paris_sender] (1328/1511) Default -> joann.bachman@cs.com | From: admin@hcgate.com | Subject: RE: Transaction Notification - Payment Details Enclosed | Attachment: None
2026-03-04 10:07:20,123 INFO [paris_sender] (1329/1511) Default -> joannawalters@aim.com | From: admin@hcgate.com | Subject: RE: Transaction Notification - Payment Details Enclosed | Attachment: None
2026-03-04 10:07:20,151 INFO [paris_sender] (1330/1511) Default -> joan_5_1999@netscape.com | From: admin@hcgate.com | Subject: RE: Transaction Notification - Payment Details Enclosed | Attachment: None
2026-03-04 10:07:20,155 INFO [paris_sender] (1331/1511) Default -> joann5752@gte.net | From: admin@hcgate.com | Subject: RE: Transaction Notification - Payment Details Enclosed | Attachment: None
2026-03-04 10:07:20,155 INFO [paris_sender] (1333/1511) Default -> joanne.littles@cs.com | From: admin@hcgate.com | Subject: RE: Transaction Notification - Payment Details Enclosed | Attachment: None
2026-03-04 10:07:20,155 INFO [paris_sender] (1332/1511) Default -> joann.wilson@cs.com | From: admin@hcgate.com | Subject: RE: Transaction Notification - Payment Details Enclosed | Attachment: None
2026-03-04 10:07:20,926 INFO [paris_sender] (1334/1511) Default -> joanaaron@gte.net | From: admin@hcgate.com | Subject: RE: Transaction Notification - Payment Details Enclosed | Attachment: None
2026-03-04 10:07:20,926 INFO [paris_sender] (1335/1511) Default -> joann2122@wmconnect.com | From: admin@hcgate.com | Subject: RE: Transaction Notification - Payment Details Enclosed | Attachment: None
2026-03-04 10:07:20,944 INFO [paris_sender] (1336/1511) Default -> joani@netscape.com | From: admin@hcgate.com | Subject: RE: Transaction Notification - Payment Details Enclosed | Attachment: None
2026-03-04 10:07:20,944 INFO [paris_sender] (1337/1511) Default -> joannazamora@netscape.net | From: admin@hcgate.com | Subject: RE: Transaction Notification - Payment Details Enclosed | Attachment: None
2026-03-04 10:07:20,944 INFO [paris_sender] (1338/1511) Default -> joanhigham@netscape.com | From: admin@hcgate.com | Subject: RE: Transaction Notification - Payment Details Enclosed | Attachment: None
2026-03-04 10:07:20,959 INFO [paris_sender] (1339/1511) Default -> joann.spruill@gte.net | From: admin@hcgate.com | Subject: RE: Transaction Notification - Payment Details Enclosed | Attachment: None
2026-03-04 10:07:20,959 INFO [paris_sender] (1340/1511) Default -> joanie.cochran@netscape.net | From: admin@hcgate.com | Subject: RE: Transaction Notification - Payment Details Enclosed | Attachment: None
2026-03-04 10:07:20,976 INFO [paris_sender] (1342/1511) Default -> joannadell@cs.com | From: admin@hcgate.com | Subject: RE: Transaction Notification - Payment Details Enclosed | Attachment: None
2026-03-04 10:07:20,976 INFO [paris_sender] (1341/1511) Default -> joanheadley@cs.com | From: admin@hcgate.com | Subject: RE: Transaction Notification - Payment Details Enclosed | Attachment: None
2026-03-04 10:07:20,976 INFO [paris_sender] (1343/1511) Default -> joanncryder@aim.com | From: admin@hcgate.com | Subject: RE: Transaction Notification - Payment Details Enclosed | Attachment: None
2026-03-04 10:07:21,783 INFO [paris_sender] (1344/1511) Default -> joannawall@cs.com | From: admin@hcgate.com | Subject: RE: Transaction Notification - Payment Details Enclosed | Attachment: None
2026-03-04 10:07:21,796 INFO [paris_sender] (1345/1511) Default -> joanne1491@cs.com | From: admin@hcgate.com | Subject: RE: Transaction Notification - Payment Details Enclosed | Attachment: None
2026-03-04 10:07:21,812 INFO [paris_sender] (1346/1511) Default -> joanfunky@cs.com | From: admin@hcgate.com | Subject: RE: Transaction Notification - Payment Details Enclosed | Attachment: None
2026-03-04 10:07:21,830 INFO [paris_sender] (1347/1511) Default -> joannavants@bellatlantic.net | From: admin@hcgate.com | Subject: RE: Transaction Notification - Payment Details Enclosed | Attachment: None
2026-03-04 10:07:21,892 INFO [paris_sender] (1348/1511) Default -> joanknickerbocker@netscape.net | From: admin@hcgate.com | Subject: RE: Transaction Notification - Payment Details Enclosed | Attachment: None
2026-03-04 10:07:21,923 INFO [paris_sender] (1349/1511) Default -> joannblayney@cs.com | From: admin@hcgate.com | Subject: RE: Transaction Notification - Payment Details Enclosed | Attachment: None
2026-03-04 10:07:21,923 INFO [paris_sender] (1350/1511) Default -> joanna.lopez@cs.com | From: admin@hcgate.com | Subject: RE: Transaction Notification - Payment Details Enclosed | Attachment: None
2026-03-04 10:07:21,939 INFO [paris_sender] (1351/1511) Default -> joanbridgens@cs.com | From: admin@hcgate.com | Subject: RE: Transaction Notification - Payment Details Enclosed | Attachment: None
2026-03-04 10:07:21,939 INFO [paris_sender] (1352/1511) Default -> joannaparham@netscape.net | From: admin@hcgate.com | Subject: RE: Transaction Notification - Payment Details Enclosed | Attachment: None
2026-03-04 10:07:21,939 INFO [paris_sender] (1353/1511) Default -> joanib@netscape.net | From: admin@hcgate.com | Subject: RE: Transaction Notification - Payment Details Enclosed | Attachment: None
2026-03-04 10:07:22,672 INFO [paris_sender] (1355/1511) Default -> joanbadoni@netscape.net | From: admin@hcgate.com | Subject: RE: Transaction Notification - Payment Details Enclosed | Attachment: None
2026-03-04 10:07:22,672 INFO [paris_sender] (1354/1511) Default -> joanmoyers@gte.net | From: admin@hcgate.com | Subject: RE: Transaction Notification - Payment Details Enclosed | Attachment: None
2026-03-04 10:07:22,690 INFO [paris_sender] (1358/1511) Default -> joannagruca@cs.com | From: admin@hcgate.com | Subject: RE: Transaction Notification - Payment Details Enclosed | Attachment: None
2026-03-04 10:07:22,690 INFO [paris_sender] (1357/1511) Default -> joanne.atkinson@netscape.net | From: admin@hcgate.com | Subject: RE: Transaction Notification - Payment Details Enclosed | Attachment: None
2026-03-04 10:07:22,690 INFO [paris_sender] (1356/1511) Default -> joanne.collett@cs.com | From: admin@hcgate.com | Subject: RE: Transaction Notification - Payment Details Enclosed | Attachment: None
2026-03-04 10:07:22,718 INFO [paris_sender] (1359/1511) Default -> joannatsimon@gte.net | From: admin@hcgate.com | Subject: RE: Transaction Notification - Payment Details Enclosed | Attachment: None
2026-03-04 10:07:22,718 INFO [paris_sender] (1360/1511) Default -> joanne.davis@gte.net | From: admin@hcgate.com | Subject: RE: Transaction Notification - Payment Details Enclosed | Attachment: None
2026-03-04 10:07:22,718 INFO [paris_sender] (1361/1511) Default -> joanid@cs.com | From: admin@hcgate.com | Subject: RE: Transaction Notification - Payment Details Enclosed | Attachment: None
2026-03-04 10:07:22,718 INFO [paris_sender] (1362/1511) Default -> joannamendoza@netscape.net | From: admin@hcgate.com | Subject: RE: Transaction Notification - Payment Details Enclosed | Attachment: None
2026-03-04 10:07:22,718 INFO [paris_sender] (1363/1511) Default -> joanne.center@netscape.net | From: admin@hcgate.com | Subject: RE: Transaction Notification - Payment Details Enclosed | Attachment: None
2026-03-04 10:07:23,515 INFO [paris_sender] (1364/1511) Default -> joanforsythe@netscape.net | From: admin@hcgate.com | Subject: RE: Transaction Notification - Payment Details Enclosed | Attachment: None
2026-03-04 10:07:23,527 INFO [paris_sender] (1365/1511) Default -> joanna.richmond@cs.com | From: admin@hcgate.com | Subject: RE: Transaction Notification - Payment Details Enclosed | Attachment: None
2026-03-04 10:07:23,527 INFO [paris_sender] (1367/1511) Default -> joannaallman@netscape.net | From: admin@hcgate.com | Subject: RE: Transaction Notification - Payment Details Enclosed | Attachment: None
2026-03-04 10:07:23,527 INFO [paris_sender] (1366/1511) Default -> joanna716@cs.com | From: admin@hcgate.com | Subject: RE: Transaction Notification - Payment Details Enclosed | Attachment: None
2026-03-04 10:07:23,547 INFO [paris_sender] (1368/1511) Default -> joanjayz@netscape.net | From: admin@hcgate.com | Subject: RE: Transaction Notification - Payment Details Enclosed | Attachment: None
2026-03-04 10:07:23,560 INFO [paris_sender] (1369/1511) Default -> joanki@netscape.net | From: admin@hcgate.com | Subject: RE: Transaction Notification - Payment Details Enclosed | Attachment: None
2026-03-04 10:07:23,577 INFO [paris_sender] (1371/1511) Default -> joanne.zachary@netscape.net | From: admin@hcgate.com | Subject: RE: Transaction Notification - Payment Details Enclosed | Attachment: None
2026-03-04 10:07:23,578 INFO [paris_sender] (1372/1511) Default -> joanne.philips@cs.com | From: admin@hcgate.com | Subject: RE: Transaction Notification - Payment Details Enclosed | Attachment: None
2026-03-04 10:07:23,578 INFO [paris_sender] (1370/1511) Default -> joanmezoff@cs.com | From: admin@hcgate.com | Subject: RE: Transaction Notification - Payment Details Enclosed | Attachment: None
2026-03-04 10:07:23,578 INFO [paris_sender] (1373/1511) Default -> joann.moore@netscape.net | From: admin@hcgate.com | Subject: RE: Transaction Notification - Payment Details Enclosed | Attachment: None
2026-03-04 10:07:24,398 INFO [paris_sender] (1374/1511) Default -> joann.oconnell@netscape.net | From: admin@hcgate.com | Subject: RE: Transaction Notification - Payment Details Enclosed | Attachment: None
2026-03-04 10:07:24,422 INFO [paris_sender] (1376/1511) Default -> joanhaller@netscape.net | From: admin@hcgate.com | Subject: RE: Transaction Notification - Payment Details Enclosed | Attachment: None
2026-03-04 10:07:24,434 INFO [paris_sender] (1375/1511) Default -> joancroft@cs.com | From: admin@hcgate.com | Subject: RE: Transaction Notification - Payment Details Enclosed | Attachment: None
2026-03-04 10:07:24,434 INFO [paris_sender] (1377/1511) Default -> joana777@netscape.net | From: admin@hcgate.com | Subject: RE: Transaction Notification - Payment Details Enclosed | Attachment: None
2026-03-04 10:07:24,434 INFO [paris_sender] (1378/1511) Default -> joanne.neff@cs.com | From: admin@hcgate.com | Subject: RE: Transaction Notification - Payment Details Enclosed | Attachment: None
2026-03-04 10:07:24,434 INFO [paris_sender] (1379/1511) Default -> joanheimlich@netscape.net | From: admin@hcgate.com | Subject: RE: Transaction Notification - Payment Details Enclosed | Attachment: None
2026-03-04 10:07:24,434 INFO [paris_sender] (1380/1511) Default -> joanjenkins@netscape.net | From: admin@hcgate.com | Subject: RE: Transaction Notification - Payment Details Enclosed | Attachment: None
2026-03-04 10:07:24,452 INFO [paris_sender] (1381/1511) Default -> joannacolon@netscape.net | From: admin@hcgate.com | Subject: RE: Transaction Notification - Payment Details Enclosed | Attachment: None
2026-03-04 10:07:24,465 INFO [paris_sender] (1383/1511) Default -> joanlinda@gte.net | From: admin@hcgate.com | Subject: RE: Transaction Notification - Payment Details Enclosed | Attachment: None
2026-03-04 10:07:24,465 INFO [paris_sender] (1382/1511) Default -> joann1010@gte.net | From: admin@hcgate.com | Subject: RE: Transaction Notification - Payment Details Enclosed | Attachment: None
2026-03-04 10:07:25,293 INFO [paris_sender] (1384/1511) Default -> joanndickerson1@wmconnect.com | From: admin@hcgate.com | Subject: RE: Transaction Notification - Payment Details Enclosed | Attachment: None
2026-03-04 10:07:25,296 INFO [paris_sender] (1385/1511) Default -> joannboo1984@bellatlantic.net | From: admin@hcgate.com | Subject: RE: Transaction Notification - Payment Details Enclosed | Attachment: None
2026-03-04 10:07:25,308 INFO [paris_sender] (1386/1511) Default -> joanfriel@netscape.net | From: admin@hcgate.com | Subject: RE: Transaction Notification - Payment Details Enclosed | Attachment: None
2026-03-04 10:07:25,308 INFO [paris_sender] (1387/1511) Default -> joannacalderone@cs.com | From: admin@hcgate.com | Subject: RE: Transaction Notification - Payment Details Enclosed | Attachment: None
2026-03-04 10:07:25,328 INFO [paris_sender] (1388/1511) Default -> joann.miller@cs.com | From: admin@hcgate.com | Subject: RE: Transaction Notification - Payment Details Enclosed | Attachment: None
2026-03-04 10:07:25,342 INFO [paris_sender] (1389/1511) Default -> joannbigham@gte.net | From: admin@hcgate.com | Subject: RE: Transaction Notification - Payment Details Enclosed | Attachment: None
2026-03-04 10:07:25,356 INFO [paris_sender] (1390/1511) Default -> joangela3@netscape.net | From: admin@hcgate.com | Subject: RE: Transaction Notification - Payment Details Enclosed | Attachment: None
2026-03-04 10:07:25,359 INFO [paris_sender] (1391/1511) Default -> joancy@bellatlantic.net | From: admin@hcgate.com | Subject: RE: Transaction Notification - Payment Details Enclosed | Attachment: None
2026-03-04 10:07:25,359 INFO [paris_sender] (1392/1511) Default -> joannaj@cs.com | From: admin@hcgate.com | Subject: RE: Transaction Notification - Payment Details Enclosed | Attachment: None
2026-03-04 10:07:25,404 INFO [paris_sender] (1393/1511) Default -> joana892@cs.com | From: admin@hcgate.com | Subject: RE: Transaction Notification - Payment Details Enclosed | Attachment: None
2026-03-04 10:07:26,188 INFO [paris_sender] (1394/1511) Default -> joandenler@netscape.net | From: admin@hcgate.com | Subject: RE: Transaction Notification - Payment Details Enclosed | Attachment: None
2026-03-04 10:07:26,188 INFO [paris_sender] (1395/1511) Default -> joanie.englund@gte.net | From: admin@hcgate.com | Subject: RE: Transaction Notification - Payment Details Enclosed | Attachment: None
2026-03-04 10:07:26,199 INFO [paris_sender] (1396/1511) Default -> joanna_taylor1@netscape.net | From: admin@hcgate.com | Subject: RE: Transaction Notification - Payment Details Enclosed | Attachment: None
2026-03-04 10:07:26,203 INFO [paris_sender] (1397/1511) Default -> joanne119@netscape.com | From: admin@hcgate.com | Subject: RE: Transaction Notification - Payment Details Enclosed | Attachment: None
2026-03-04 10:07:26,217 INFO [paris_sender] (1398/1511) Default -> joanna.lane@wmconnect.com | From: admin@hcgate.com | Subject: RE: Transaction Notification - Payment Details Enclosed | Attachment: None
2026-03-04 10:07:26,227 INFO [paris_sender] (1400/1511) Default -> joanne.sanchez@cs.com | From: admin@hcgate.com | Subject: RE: Transaction Notification - Payment Details Enclosed | Attachment: None
2026-03-04 10:07:26,227 INFO [paris_sender] (1399/1511) Default -> joanborley@cs.com | From: admin@hcgate.com | Subject: RE: Transaction Notification - Payment Details Enclosed | Attachment: None
2026-03-04 10:07:26,236 INFO [paris_sender] (1401/1511) Default -> joanjettrocker85@cs.com | From: admin@hcgate.com | Subject: RE: Transaction Notification - Payment Details Enclosed | Attachment: None
2026-03-04 10:07:26,236 INFO [paris_sender] (1402/1511) Default -> joannaapate@netscape.net | From: admin@hcgate.com | Subject: RE: Transaction Notification - Payment Details Enclosed | Attachment: None
2026-03-04 10:07:26,253 INFO [paris_sender] (1403/1511) Default -> joann.allen@cs.com | From: admin@hcgate.com | Subject: RE: Transaction Notification - Payment Details Enclosed | Attachment: None
2026-03-04 10:07:27,026 INFO [paris_sender] (1404/1511) Default -> joanlsteele@netscapes.net | From: admin@hcgate.com | Subject: RE: Transaction Notification - Payment Details Enclosed | Attachment: None
2026-03-04 10:07:27,060 INFO [paris_sender] (1405/1511) Default -> joanna.king@netscape.net | From: admin@hcgate.com | Subject: RE: Transaction Notification - Payment Details Enclosed | Attachment: None
2026-03-04 10:07:27,076 INFO [paris_sender] (1406/1511) Default -> joanne.collins@bellatlantic.net | From: admin@hcgate.com | Subject: RE: Transaction Notification - Payment Details Enclosed | Attachment: None
2026-03-04 10:07:27,142 INFO [paris_sender] (1407/1511) Default -> joanna.wilcox@cs.com | From: admin@hcgate.com | Subject: RE: Transaction Notification - Payment Details Enclosed | Attachment: None
2026-03-04 10:07:27,142 INFO [paris_sender] (1409/1511) Default -> joann.black@netscape.net | From: admin@hcgate.com | Subject: RE: Transaction Notification - Payment Details Enclosed | Attachment: None
2026-03-04 10:07:27,142 INFO [paris_sender] (1408/1511) Default -> joangel1128@bellatlantic.net | From: admin@hcgate.com | Subject: RE: Transaction Notification - Payment Details Enclosed | Attachment: None
2026-03-04 10:07:27,171 INFO [paris_sender] (1410/1511) Default -> joann.higdon@netscape.net | From: admin@hcgate.com | Subject: RE: Transaction Notification - Payment Details Enclosed | Attachment: None
2026-03-04 10:07:27,191 INFO [paris_sender] (1412/1511) Default -> joanne.comp@netscape.net | From: admin@hcgate.com | Subject: RE: Transaction Notification - Payment Details Enclosed | Attachment: None
2026-03-04 10:07:27,191 INFO [paris_sender] (1411/1511) Default -> joann_koester@netscape.net | From: admin@hcgate.com | Subject: RE: Transaction Notification - Payment Details Enclosed | Attachment: None
2026-03-04 10:07:27,204 INFO [paris_sender] (1413/1511) Default -> joanna.slattery@cs.com | From: admin@hcgate.com | Subject: RE: Transaction Notification - Payment Details Enclosed | Attachment: None
2026-03-04 10:07:27,926 INFO [paris_sender] (1414/1511) Default -> joanmattson@netscape.net | From: admin@hcgate.com | Subject: RE: Transaction Notification - Payment Details Enclosed | Attachment: None
2026-03-04 10:07:27,949 INFO [paris_sender] (1415/1511) Default -> joanmuehlhausen@netscape.net | From: admin@hcgate.com | Subject: RE: Transaction Notification - Payment Details Enclosed | Attachment: None
2026-03-04 10:07:27,949 INFO [paris_sender] (1416/1511) Default -> joannavega70@cs.com | From: admin@hcgate.com | Subject: RE: Transaction Notification - Payment Details Enclosed | Attachment: None
2026-03-04 10:07:27,953 INFO [paris_sender] (1417/1511) Default -> joanathompson@cs.com | From: admin@hcgate.com | Subject: RE: Transaction Notification - Payment Details Enclosed | Attachment: None
2026-03-04 10:07:27,955 INFO [paris_sender] (1419/1511) Default -> joanfauver@cs.com | From: admin@hcgate.com | Subject: RE: Transaction Notification - Payment Details Enclosed | Attachment: None
2026-03-04 10:07:27,955 INFO [paris_sender] (1418/1511) Default -> joannam@gte.net | From: admin@hcgate.com | Subject: RE: Transaction Notification - Payment Details Enclosed | Attachment: None
2026-03-04 10:07:27,971 INFO [paris_sender] (1420/1511) Default -> joannasecero@cs.com | From: admin@hcgate.com | Subject: RE: Transaction Notification - Payment Details Enclosed | Attachment: None
2026-03-04 10:07:27,971 INFO [paris_sender] (1421/1511) Default -> joanaehlers@netscape.net | From: admin@hcgate.com | Subject: RE: Transaction Notification - Payment Details Enclosed | Attachment: None
2026-03-04 10:07:27,984 INFO [paris_sender] (1422/1511) Default -> joannashaver@bellatlantic.net | From: admin@hcgate.com | Subject: RE: Transaction Notification - Payment Details Enclosed | Attachment: None
2026-03-04 10:07:27,987 INFO [paris_sender] (1423/1511) Default -> joaneveret@cs.com | From: admin@hcgate.com | Subject: RE: Transaction Notification - Payment Details Enclosed | Attachment: None
2026-03-04 10:07:28,837 INFO [paris_sender] (1424/1511) Default -> joanmjsmiley@cs.com | From: admin@hcgate.com | Subject: RE: Transaction Notification - Payment Details Enclosed | Attachment: None
2026-03-04 10:07:28,837 INFO [paris_sender] (1425/1511) Default -> joann_rhoten@netscape.net | From: admin@hcgate.com | Subject: RE: Transaction Notification - Payment Details Enclosed | Attachment: None
2026-03-04 10:07:28,851 INFO [paris_sender] (1426/1511) Default -> joanncrowder@netscape.net | From: admin@hcgate.com | Subject: RE: Transaction Notification - Payment Details Enclosed | Attachment: None
2026-03-04 10:07:28,859 INFO [paris_sender] (1427/1511) Default -> joanmccusker@netscape.net | From: admin@hcgate.com | Subject: RE: Transaction Notification - Payment Details Enclosed | Attachment: None
2026-03-04 10:07:28,876 INFO [paris_sender] (1429/1511) Default -> joanne.rutkowski@bellatlantic.net | From: admin@hcgate.com | Subject: RE: Transaction Notification - Payment Details Enclosed | Attachment: None
2026-03-04 10:07:28,876 INFO [paris_sender] (1428/1511) Default -> joankarp@cs.com | From: admin@hcgate.com | Subject: RE: Transaction Notification - Payment Details Enclosed | Attachment: None
2026-03-04 10:07:28,890 INFO [paris_sender] (1430/1511) Default -> joanncruse@netscape.net | From: admin@hcgate.com | Subject: RE: Transaction Notification - Payment Details Enclosed | Attachment: None
2026-03-04 10:07:28,902 INFO [paris_sender] (1431/1511) Default -> joann_97@netscape.com | From: admin@hcgate.com | Subject: RE: Transaction Notification - Payment Details Enclosed | Attachment: None
2026-03-04 10:07:28,902 INFO [paris_sender] (1432/1511) Default -> joanjanow@cs.com | From: admin@hcgate.com | Subject: RE: Transaction Notification - Payment Details Enclosed | Attachment: None
2026-03-04 10:07:28,902 INFO [paris_sender] (1433/1511) Default -> joanjcsmag@wmconnect.com | From: admin@hcgate.com | Subject: RE: Transaction Notification - Payment Details Enclosed | Attachment: None
2026-03-04 10:07:29,737 INFO [paris_sender] (1434/1511) Default -> joann.evans@gte.net | From: admin@hcgate.com | Subject: RE: Transaction Notification - Payment Details Enclosed | Attachment: None
2026-03-04 10:07:29,737 INFO [paris_sender] (1435/1511) Default -> joanne.rowe@netscape.net | From: admin@hcgate.com | Subject: RE: Transaction Notification - Payment Details Enclosed | Attachment: None
2026-03-04 10:07:29,737 INFO [paris_sender] (1436/1511) Default -> joannagrams@gte.net | From: admin@hcgate.com | Subject: RE: Transaction Notification - Payment Details Enclosed | Attachment: None
2026-03-04 10:07:29,769 INFO [paris_sender] (1437/1511) Default -> joanne.pearson@netscape.net | From: admin@hcgate.com | Subject: RE: Transaction Notification - Payment Details Enclosed | Attachment: None
2026-03-04 10:07:29,769 INFO [paris_sender] (1438/1511) Default -> joandbarb@compuserve.com | From: admin@hcgate.com | Subject: RE: Transaction Notification - Payment Details Enclosed | Attachment: None
2026-03-04 10:07:29,798 INFO [paris_sender] (1440/1511) Default -> joanne.bayer@cs.com | From: admin@hcgate.com | Subject: RE: Transaction Notification - Payment Details Enclosed | Attachment: None
2026-03-04 10:07:29,805 INFO [paris_sender] (1439/1511) Default -> joanajkim@gte.net | From: admin@hcgate.com | Subject: RE: Transaction Notification - Payment Details Enclosed | Attachment: None
2026-03-04 10:07:29,805 INFO [paris_sender] (1441/1511) Default -> joanlaning@netscape.net | From: admin@hcgate.com | Subject: RE: Transaction Notification - Payment Details Enclosed | Attachment: None
2026-03-04 10:07:29,805 INFO [paris_sender] (1443/1511) Default -> joanburson@netscape.net | From: admin@hcgate.com | Subject: RE: Transaction Notification - Payment Details Enclosed | Attachment: None
2026-03-04 10:07:29,805 INFO [paris_sender] (1442/1511) Default -> joanbrantley@bellatlantic.net | From: admin@hcgate.com | Subject: RE: Transaction Notification - Payment Details Enclosed | Attachment: None
2026-03-04 10:07:30,729 INFO [paris_sender] (1444/1511) Default -> joanmorrison6257@cs.com | From: admin@hcgate.com | Subject: RE: Transaction Notification - Payment Details Enclosed | Attachment: None
2026-03-04 10:07:30,745 INFO [paris_sender] (1445/1511) Default -> joann.howard@cs.com | From: admin@hcgate.com | Subject: RE: Transaction Notification - Payment Details Enclosed | Attachment: None
2026-03-04 10:07:30,745 INFO [paris_sender] (1450/1511) Default -> joanne.cox@netscape.net | From: admin@hcgate.com | Subject: RE: Transaction Notification - Payment Details Enclosed | Attachment: None
2026-03-04 10:07:30,745 INFO [paris_sender] (1448/1511) Default -> joanna.roman@cs.com | From: admin@hcgate.com | Subject: RE: Transaction Notification - Payment Details Enclosed | Attachment: None
2026-03-04 10:07:30,745 INFO [paris_sender] (1446/1511) Default -> joanc@wmconnect.com | From: admin@hcgate.com | Subject: RE: Transaction Notification - Payment Details Enclosed | Attachment: None
2026-03-04 10:07:30,745 INFO [paris_sender] (1449/1511) Default -> joanne.hjort@cs.com | From: admin@hcgate.com | Subject: RE: Transaction Notification - Payment Details Enclosed | Attachment: None
2026-03-04 10:07:30,745 INFO [paris_sender] (1447/1511) Default -> joann81@wmconnect.com | From: admin@hcgate.com | Subject: RE: Transaction Notification - Payment Details Enclosed | Attachment: None
2026-03-04 10:07:30,795 INFO [paris_sender] (1451/1511) Default -> joanne.lunden@cs.com | From: admin@hcgate.com | Subject: RE: Transaction Notification - Payment Details Enclosed | Attachment: None
2026-03-04 10:07:30,795 INFO [paris_sender] (1452/1511) Default -> joanne.webster@netscape.net | From: admin@hcgate.com | Subject: RE: Transaction Notification - Payment Details Enclosed | Attachment: None
2026-03-04 10:07:30,795 INFO [paris_sender] (1453/1511) Default -> joanna.northcott@netscape.net | From: admin@hcgate.com | Subject: RE: Transaction Notification - Payment Details Enclosed | Attachment: None
2026-03-04 10:07:31,627 INFO [paris_sender] (1454/1511) Default -> joandriggers@netscape.net | From: admin@hcgate.com | Subject: RE: Transaction Notification - Payment Details Enclosed | Attachment: None
2026-03-04 10:07:31,640 INFO [paris_sender] (1455/1511) Default -> joannamorris@netscape.net | From: admin@hcgate.com | Subject: RE: Transaction Notification - Payment Details Enclosed | Attachment: None
2026-03-04 10:07:31,640 INFO [paris_sender] (1456/1511) Default -> joan_caballero@netscape.com | From: admin@hcgate.com | Subject: RE: Transaction Notification - Payment Details Enclosed | Attachment: None
2026-03-04 10:07:31,648 INFO [paris_sender] (1457/1511) Default -> joanhunter@gte.net | From: admin@hcgate.com | Subject: RE: Transaction Notification - Payment Details Enclosed | Attachment: None
2026-03-04 10:07:31,664 INFO [paris_sender] (1458/1511) Default -> joannacalvi@netscape.net | From: admin@hcgate.com | Subject: RE: Transaction Notification - Payment Details Enclosed | Attachment: None
2026-03-04 10:07:31,664 INFO [paris_sender] (1459/1511) Default -> joannalugg@netscape.net | From: admin@hcgate.com | Subject: RE: Transaction Notification - Payment Details Enclosed | Attachment: None
2026-03-04 10:07:31,671 INFO [paris_sender] (1460/1511) Default -> joanhirigoyen@netscape.net | From: admin@hcgate.com | Subject: RE: Transaction Notification - Payment Details Enclosed | Attachment: None
2026-03-04 10:07:31,671 INFO [paris_sender] (1461/1511) Default -> joannac405@cs.com | From: admin@hcgate.com | Subject: RE: Transaction Notification - Payment Details Enclosed | Attachment: None
2026-03-04 10:07:31,683 INFO [paris_sender] (1462/1511) Default -> joanna.grimes@cs.com | From: admin@hcgate.com | Subject: RE: Transaction Notification - Payment Details Enclosed | Attachment: None
2026-03-04 10:07:31,683 INFO [paris_sender] (1463/1511) Default -> joanna.mcbride@netscape.net | From: admin@hcgate.com | Subject: RE: Transaction Notification - Payment Details Enclosed | Attachment: None
2026-03-04 10:07:32,484 INFO [paris_sender] (1464/1511) Default -> joanbezdziecki@bellatlantic.net | From: admin@hcgate.com | Subject: RE: Transaction Notification - Payment Details Enclosed | Attachment: None
2026-03-04 10:07:32,492 INFO [paris_sender] (1465/1511) Default -> joann.davidson@netscape.net | From: admin@hcgate.com | Subject: RE: Transaction Notification - Payment Details Enclosed | Attachment: None
2026-03-04 10:07:32,492 INFO [paris_sender] (1466/1511) Default -> joanne.beck@gte.net | From: admin@hcgate.com | Subject: RE: Transaction Notification - Payment Details Enclosed | Attachment: None
2026-03-04 10:07:32,492 INFO [paris_sender] (1467/1511) Default -> joannbarrup@netscape.net | From: admin@hcgate.com | Subject: RE: Transaction Notification - Payment Details Enclosed | Attachment: None
2026-03-04 10:07:32,526 INFO [paris_sender] (1468/1511) Default -> joancereghino@cs.com | From: admin@hcgate.com | Subject: RE: Transaction Notification - Payment Details Enclosed | Attachment: None
2026-03-04 10:07:32,541 INFO [paris_sender] (1469/1511) Default -> joanmartz@netscape.net | From: admin@hcgate.com | Subject: RE: Transaction Notification - Payment Details Enclosed | Attachment: None
2026-03-04 10:07:32,541 INFO [paris_sender] (1470/1511) Default -> joaners@gte.net | From: admin@hcgate.com | Subject: RE: Transaction Notification - Payment Details Enclosed | Attachment: None
2026-03-04 10:07:32,546 INFO [paris_sender] (1472/1511) Default -> joannasp@cs.com | From: admin@hcgate.com | Subject: RE: Transaction Notification - Payment Details Enclosed | Attachment: None
2026-03-04 10:07:32,546 INFO [paris_sender] (1471/1511) Default -> joanheinmiller1@aim.com | From: admin@hcgate.com | Subject: RE: Transaction Notification - Payment Details Enclosed | Attachment: None
2026-03-04 10:07:32,546 INFO [paris_sender] (1473/1511) Default -> joann.fischer@netscape.net | From: admin@hcgate.com | Subject: RE: Transaction Notification - Payment Details Enclosed | Attachment: None
2026-03-04 10:07:33,390 INFO [paris_sender] (1474/1511) Default -> joann.coe@netscape.net | From: admin@hcgate.com | Subject: RE: Transaction Notification - Payment Details Enclosed | Attachment: None
2026-03-04 10:07:33,406 INFO [paris_sender] (1477/1511) Default -> joanne.palermo@cs.com | From: admin@hcgate.com | Subject: RE: Transaction Notification - Payment Details Enclosed | Attachment: None
2026-03-04 10:07:33,406 INFO [paris_sender] (1475/1511) Default -> joanne.huff@cs.com | From: admin@hcgate.com | Subject: RE: Transaction Notification - Payment Details Enclosed | Attachment: None
2026-03-04 10:07:33,406 INFO [paris_sender] (1476/1511) Default -> joanheal@netscape.net | From: admin@hcgate.com | Subject: RE: Transaction Notification - Payment Details Enclosed | Attachment: None
2026-03-04 10:07:33,406 INFO [paris_sender] (1478/1511) Default -> joanne.ferullo@cs.com | From: admin@hcgate.com | Subject: RE: Transaction Notification - Payment Details Enclosed | Attachment: None
2026-03-04 10:07:33,426 INFO [paris_sender] (1479/1511) Default -> joann.goble@netscape.net | From: admin@hcgate.com | Subject: RE: Transaction Notification - Payment Details Enclosed | Attachment: None
2026-03-04 10:07:33,426 INFO [paris_sender] (1480/1511) Default -> joannalanana19@netscape.net | From: admin@hcgate.com | Subject: RE: Transaction Notification - Payment Details Enclosed | Attachment: None
2026-03-04 10:07:33,426 INFO [paris_sender] (1481/1511) Default -> joannaustin@cs.com | From: admin@hcgate.com | Subject: RE: Transaction Notification - Payment Details Enclosed | Attachment: None
2026-03-04 10:07:33,426 INFO [paris_sender] (1482/1511) Default -> joanne.perez@netscape.net | From: admin@hcgate.com | Subject: RE: Transaction Notification - Payment Details Enclosed | Attachment: None
2026-03-04 10:07:33,426 INFO [paris_sender] (1483/1511) Default -> joanna5555@netscape.net | From: admin@hcgate.com | Subject: RE: Transaction Notification - Payment Details Enclosed | Attachment: None
2026-03-04 10:07:34,248 INFO [paris_sender] (1484/1511) Default -> joanncabrin@aim.com | From: admin@hcgate.com | Subject: RE: Transaction Notification - Payment Details Enclosed | Attachment: None
2026-03-04 10:07:34,251 INFO [paris_sender] (1485/1511) Default -> joanedwards@netscape.net | From: admin@hcgate.com | Subject: RE: Transaction Notification - Payment Details Enclosed | Attachment: None
2026-03-04 10:07:34,259 INFO [paris_sender] (1486/1511) Default -> joann5829@aim.com | From: admin@hcgate.com | Subject: RE: Transaction Notification - Payment Details Enclosed | Attachment: None
2026-03-04 10:07:34,265 INFO [paris_sender] (1487/1511) Default -> joanljones@wmconnect.com | From: admin@hcgate.com | Subject: RE: Transaction Notification - Payment Details Enclosed | Attachment: None
2026-03-04 10:07:34,278 INFO [paris_sender] (1488/1511) Default -> joanimhoff@netscape.net | From: admin@hcgate.com | Subject: RE: Transaction Notification - Payment Details Enclosed | Attachment: None
2026-03-04 10:07:34,290 INFO [paris_sender] (1489/1511) Default -> joanemck@netscape.net | From: admin@hcgate.com | Subject: RE: Transaction Notification - Payment Details Enclosed | Attachment: None
2026-03-04 10:07:34,290 INFO [paris_sender] (1490/1511) Default -> joanne.porrazzo@cs.com | From: admin@hcgate.com | Subject: RE: Transaction Notification - Payment Details Enclosed | Attachment: None
2026-03-04 10:07:34,296 INFO [paris_sender] (1491/1511) Default -> joangalle@netscape.net | From: admin@hcgate.com | Subject: RE: Transaction Notification - Payment Details Enclosed | Attachment: None
2026-03-04 10:07:34,296 INFO [paris_sender] (1492/1511) Default -> joann21568@cs.com | From: admin@hcgate.com | Subject: RE: Transaction Notification - Payment Details Enclosed | Attachment: None
2026-03-04 10:07:34,296 INFO [paris_sender] (1493/1511) Default -> joangill@gte.net | From: admin@hcgate.com | Subject: RE: Transaction Notification - Payment Details Enclosed | Attachment: None
2026-03-04 10:07:35,071 INFO [paris_sender] (1494/1511) Default -> joann.kautz@netscape.net | From: admin@hcgate.com | Subject: RE: Transaction Notification - Payment Details Enclosed | Attachment: None
2026-03-04 10:07:35,080 INFO [paris_sender] (1495/1511) Default -> joanerickson@compuserve.com | From: admin@hcgate.com | Subject: RE: Transaction Notification - Payment Details Enclosed | Attachment: None
2026-03-04 10:07:35,080 INFO [paris_sender] (1497/1511) Default -> joandavis@gte.net | From: admin@hcgate.com | Subject: RE: Transaction Notification - Payment Details Enclosed | Attachment: None
2026-03-04 10:07:35,080 INFO [paris_sender] (1498/1511) Default -> joannanicely@cs.com | From: admin@hcgate.com | Subject: RE: Transaction Notification - Payment Details Enclosed | Attachment: None
2026-03-04 10:07:35,080 INFO [paris_sender] (1496/1511) Default -> joanbridgett@netscape.net | From: admin@hcgate.com | Subject: RE: Transaction Notification - Payment Details Enclosed | Attachment: None
2026-03-04 10:07:35,109 INFO [paris_sender] (1499/1511) Default -> joannavolpicelli@wmconnect.com | From: admin@hcgate.com | Subject: RE: Transaction Notification - Payment Details Enclosed | Attachment: None
2026-03-04 10:07:35,112 INFO [paris_sender] (1500/1511) Default -> joanne.cone@netscape.net | From: admin@hcgate.com | Subject: RE: Transaction Notification - Payment Details Enclosed | Attachment: None
2026-03-04 10:07:35,112 INFO [paris_sender] (1502/1511) Default -> joanie.oliver@netscape.net | From: admin@hcgate.com | Subject: RE: Transaction Notification - Payment Details Enclosed | Attachment: None
2026-03-04 10:07:35,112 INFO [paris_sender] (1501/1511) Default -> joanleahy@netscape.net | From: admin@hcgate.com | Subject: RE: Transaction Notification - Payment Details Enclosed | Attachment: None
2026-03-04 10:07:35,112 INFO [paris_sender] (1503/1511) Default -> joanne.turpel@gte.net | From: admin@hcgate.com | Subject: RE: Transaction Notification - Payment Details Enclosed | Attachment: None
2026-03-04 10:07:35,890 INFO [paris_sender] (1504/1511) Default -> joann.park@netscape.net | From: admin@hcgate.com | Subject: RE: Transaction Notification - Payment Details Enclosed | Attachment: None
2026-03-04 10:07:35,890 INFO [paris_sender] (1505/1511) Default -> joandelaware@netscape.net | From: admin@hcgate.com | Subject: RE: Transaction Notification - Payment Details Enclosed | Attachment: None
2026-03-04 10:07:35,890 INFO [paris_sender] (1506/1511) Default -> joanjesus1@netscape.com | From: admin@hcgate.com | Subject: RE: Transaction Notification - Payment Details Enclosed | Attachment: None
2026-03-04 10:07:35,906 INFO [paris_sender] (1507/1511) Default -> joannajoaquin@netscape.net | From: admin@hcgate.com | Subject: RE: Transaction Notification - Payment Details Enclosed | Attachment: None
2026-03-04 10:07:35,927 INFO [paris_sender] (1508/1511) Default -> joanell.moore@cs.com | From: admin@hcgate.com | Subject: RE: Transaction Notification - Payment Details Enclosed | Attachment: None
2026-03-04 10:07:35,939 INFO [paris_sender] (1509/1511) Default -> joann.miller@gte.net | From: admin@hcgate.com | Subject: RE: Transaction Notification - Payment Details Enclosed | Attachment: None
2026-03-04 10:07:35,939 INFO [paris_sender] (1510/1511) Default -> joannacowchicken@aim.com | From: admin@hcgate.com | Subject: RE: Transaction Notification - Payment Details Enclosed | Attachment: None
2026-03-04 10:07:35,939 INFO [paris_sender] (1511/1511) Default -> joanna.fu@gte.net | From: admin@hcgate.com | Subject: RE: Transaction Notification - Payment Details Enclosed | Attachment: None
2026-03-04 10:07:36,388 INFO [paris_sender] 📊 Threaded SMTP session completed.
2026-03-04 10:07:36,489 ERROR [paris_sender] 🏁 COMPLETED: 1511 sent, 0 failed
2026-03-04 10:07:36,658 INFO [paris_sender] 📊 Visual analytics refreshed.
2026-03-05 09:56:33,272 INFO [paris_sender] 🛡️ Running daily domain health check for: hcgate.com
2026-03-05 09:56:33,760 WARNING [paris_sender] ⚠️ Domain Health Alert: Issues found with DMARC
